seed,policy,group,status,count,denominator,rate
342593,gated_composite,attacker,accepted,10,60,0.16666666666666666
342593,gated_composite,attacker,accepted_downweighted,42,60,0.7
342593,gated_composite,attacker,statistically_quarantined,8,60,0.13333333333333333
342593,gated_composite,benign,accepted,704,840,0.8380952380952381
342593,gated_composite,benign,accepted_downweighted,117,840,0.1392857142857143
342593,gated_composite,benign,statistically_quarantined,19,840,0.02261904761904762
342593,tpm_only,attacker,accepted,60,60,1.0
342593,tpm_only,benign,accepted,840,840,1.0
343593,gated_composite,attacker,accepted,29,60,0.48333333333333334
343593,gated_composite,attacker,accepted_downweighted,30,60,0.5
343593,gated_composite,attacker,statistically_quarantined,1,60,0.016666666666666666
343593,gated_composite,benign,accepted,678,840,0.8071428571428572
343593,gated_composite,benign,accepted_downweighted,135,840,0.16071428571428573
343593,gated_composite,benign,statistically_quarantined,27,840,0.03214285714285714
343593,tpm_only,attacker,accepted,60,60,1.0
343593,tpm_only,benign,accepted,840,840,1.0
344593,gated_composite,attacker,accepted,19,60,0.31666666666666665
344593,gated_composite,attacker,accepted_downweighted,39,60,0.65
344593,gated_composite,attacker,statistically_quarantined,2,60,0.03333333333333333
344593,gated_composite,benign,accepted,673,840,0.8011904761904762
344593,gated_composite,benign,accepted_downweighted,151,840,0.17976190476190476
344593,gated_composite,benign,statistically_quarantined,16,840,0.01904761904761905
344593,tpm_only,attacker,accepted,60,60,1.0
344593,tpm_only,benign,accepted,840,840,1.0
345593,gated_composite,attacker,accepted,47,60,0.7833333333333333
345593,gated_composite,attacker,accepted_downweighted,13,60,0.21666666666666667
345593,gated_composite,benign,accepted,715,840,0.8511904761904762
345593,gated_composite,benign,accepted_downweighted,116,840,0.1380952380952381
345593,gated_composite,benign,statistically_quarantined,9,840,0.010714285714285714
345593,tpm_only,attacker,accepted,60,60,1.0
345593,tpm_only,benign,accepted,840,840,1.0
