seed,arm,policy,treatment,selected_round,selected_validation_macro_f1,selected_test_macro_f1,selected_test_accuracy,selected_test_recon_to_benign_asr
342593,gated_clean,gated_composite,clean,30,0.9674623155544846,0.9624881755526044,0.9789345756532307,0.0
342593,gated_adaptive,gated_composite,adaptive,30,0.9669941569174513,0.9623013843102447,0.9787320234960503,0.0
342593,tpm_clean,tpm_only,clean,27,0.9660044911811679,0.9576280456449222,0.9767065019242455,0.0
342593,tpm_adaptive,tpm_only,adaptive,10,0.9265220734782337,0.9042853951089089,0.949159408547701,0.0
343593,gated_clean,gated_composite,clean,13,0.9468604621482196,0.9188388681060778,0.9641482681790561,0.0
343593,gated_adaptive,gated_composite,adaptive,28,0.9582162958822241,0.9261388934609966,0.9752886368239821,0.0
343593,tpm_clean,tpm_only,clean,11,0.9438093588486683,0.9215582349396421,0.9635406117075147,0.0
343593,tpm_adaptive,tpm_only,adaptive,10,0.9417363876354568,0.9203262788742168,0.9625278509216123,0.0
344593,gated_clean,gated_composite,clean,21,0.9689785241148519,0.9625249474568522,0.9787320234960503,0.0
344593,gated_adaptive,gated_composite,adaptive,23,0.966682528404486,0.9615840154536421,0.9771116062386065,0.0
344593,tpm_clean,tpm_only,clean,23,0.9672723470965222,0.9585397343974796,0.977314158395787,0.0
344593,tpm_adaptive,tpm_only,adaptive,23,0.9651375303150088,0.9575696233314096,0.9754911889811626,0.0
345593,gated_clean,gated_composite,clean,18,0.9591699971387296,0.9321057121038964,0.9728580109378165,0.0
345593,gated_adaptive,gated_composite,adaptive,18,0.9515027832449494,0.923724068129459,0.9637431638646952,0.0
345593,tpm_clean,tpm_only,clean,18,0.9591699971387296,0.9319176547759275,0.972655458780636,0.0
345593,tpm_adaptive,tpm_only,adaptive,20,0.9591699971387296,0.9319176547759275,0.972655458780636,0.0
