seed,arm,policy,treatment,round,validation_macro_f1,attack_active,selected_query,attack_validation_drop,attack_search_success
342593,gated_clean,gated_composite,clean,1,0.3153687402130864,False,,,
342593,gated_clean,gated_composite,clean,2,0.284652076318743,False,,,
342593,gated_clean,gated_composite,clean,3,0.44941046255160105,False,,,
342593,gated_clean,gated_composite,clean,4,0.4512704874249751,False,,,
342593,gated_clean,gated_composite,clean,5,0.5911755107301236,False,,,
342593,gated_clean,gated_composite,clean,6,0.5998031495626707,False,,,
342593,gated_clean,gated_composite,clean,7,0.8794048851901013,False,,,
342593,gated_clean,gated_composite,clean,8,0.9176228913354713,False,,,
342593,gated_clean,gated_composite,clean,9,0.925775638986459,False,,,
342593,gated_clean,gated_composite,clean,10,0.9235804138850936,False,,,
342593,gated_clean,gated_composite,clean,11,0.9426636689859099,False,,,
342593,gated_clean,gated_composite,clean,12,0.9477721205220123,False,,,
342593,gated_clean,gated_composite,clean,13,0.9530157918278966,False,,,
342593,gated_clean,gated_composite,clean,14,0.8874566595918089,False,,,
342593,gated_clean,gated_composite,clean,15,0.9204403802153367,False,,,
342593,gated_clean,gated_composite,clean,16,0.9194378369055828,False,,,
342593,gated_clean,gated_composite,clean,17,0.9555258732543335,False,,,
342593,gated_clean,gated_composite,clean,18,0.9555258732543335,False,,,
342593,gated_clean,gated_composite,clean,19,0.954235039498701,False,,,
342593,gated_clean,gated_composite,clean,20,0.8932238261218689,False,,,
342593,gated_clean,gated_composite,clean,21,0.9555258732543335,False,,,
342593,gated_clean,gated_composite,clean,22,0.9304577228007492,False,,,
342593,gated_clean,gated_composite,clean,23,0.8969663815306249,False,,,
342593,gated_clean,gated_composite,clean,24,0.8971196567726868,False,,,
342593,gated_clean,gated_composite,clean,25,0.8983947869733484,False,,,
342593,gated_clean,gated_composite,clean,26,0.9482604308767645,False,,,
342593,gated_clean,gated_composite,clean,27,0.9660044911811679,False,,,
342593,gated_clean,gated_composite,clean,28,0.9663699881437063,False,,,
342593,gated_clean,gated_composite,clean,29,0.9670988965293467,False,,,
342593,gated_clean,gated_composite,clean,30,0.9674623155544846,False,,,
342593,gated_adaptive,gated_composite,adaptive,1,0.3153687402130864,False,,,
342593,gated_adaptive,gated_composite,adaptive,2,0.284652076318743,False,,,
342593,gated_adaptive,gated_composite,adaptive,3,0.44941046255160105,False,,,
342593,gated_adaptive,gated_composite,adaptive,4,0.4512704874249751,False,,,
342593,gated_adaptive,gated_composite,adaptive,5,0.5911755107301236,False,,,
342593,gated_adaptive,gated_composite,adaptive,6,0.5998031495626707,False,,,
342593,gated_adaptive,gated_composite,adaptive,7,0.8794048851901013,False,,,
342593,gated_adaptive,gated_composite,adaptive,8,0.9176228913354713,False,,,
342593,gated_adaptive,gated_composite,adaptive,9,0.925775638986459,False,,,
342593,gated_adaptive,gated_composite,adaptive,10,0.9235804138850936,False,,,
342593,gated_adaptive,gated_composite,adaptive,11,0.9425620081992543,True,31,0.00010166078665563294,False
342593,gated_adaptive,gated_composite,adaptive,12,0.9444184015762392,True,32,0.0033537189457730765,False
342593,gated_adaptive,gated_composite,adaptive,13,0.9453189091138343,True,33,0.0073761798159326375,False
342593,gated_adaptive,gated_composite,adaptive,14,0.9109486312769812,True,6,-0.023167501558454595,False
342593,gated_adaptive,gated_composite,adaptive,15,0.8870021207979089,True,33,0.03343825941742784,True
342593,gated_adaptive,gated_composite,adaptive,16,0.9099063351210451,True,33,0.016267943543164298,True
342593,gated_adaptive,gated_composite,adaptive,17,0.9459815295896202,True,33,0.009229391489443683,False
342593,gated_adaptive,gated_composite,adaptive,18,0.9550601697451057,True,,,False
342593,gated_adaptive,gated_composite,adaptive,19,0.9543008683241823,True,,,False
342593,gated_adaptive,gated_composite,adaptive,20,0.8932238261218689,True,,,False
342593,gated_adaptive,gated_composite,adaptive,21,0.9504512344143289,True,47,0.01182552001927295,True
342593,gated_adaptive,gated_composite,adaptive,22,0.9575453456086648,True,15,0.0,False
342593,gated_adaptive,gated_composite,adaptive,23,0.9197915249765853,True,,,False
342593,gated_adaptive,gated_composite,adaptive,24,0.8966514293553555,True,32,0.0015900761203383462,False
342593,gated_adaptive,gated_composite,adaptive,25,0.8964688987317911,True,33,0.0014576545686333375,False
342593,gated_adaptive,gated_composite,adaptive,26,0.9320199044566385,True,48,0.01577215872080795,True
342593,gated_adaptive,gated_composite,adaptive,27,0.9666308500740034,True,,,False
342593,gated_adaptive,gated_composite,adaptive,28,0.946699448399077,True,,,False
342593,gated_adaptive,gated_composite,adaptive,29,0.9666308500740034,True,33,0.0003633068434478748,False
342593,gated_adaptive,gated_composite,adaptive,30,0.9669941569174513,True,,,False
342593,tpm_clean,tpm_only,clean,1,0.3153687402130864,False,,,
342593,tpm_clean,tpm_only,clean,2,0.284652076318743,False,,,
342593,tpm_clean,tpm_only,clean,3,0.44941046255160105,False,,,
342593,tpm_clean,tpm_only,clean,4,0.4512704874249751,False,,,
342593,tpm_clean,tpm_only,clean,5,0.5911755107301236,False,,,
342593,tpm_clean,tpm_only,clean,6,0.5998031495626707,False,,,
342593,tpm_clean,tpm_only,clean,7,0.8794048851901013,False,,,
342593,tpm_clean,tpm_only,clean,8,0.9176228913354713,False,,,
342593,tpm_clean,tpm_only,clean,9,0.925775638986459,False,,,
342593,tpm_clean,tpm_only,clean,10,0.9265220734782337,False,,,
342593,tpm_clean,tpm_only,clean,11,0.9432870107034251,False,,,
342593,tpm_clean,tpm_only,clean,12,0.9473880796489199,False,,,
342593,tpm_clean,tpm_only,clean,13,0.9525874615546863,False,,,
342593,tpm_clean,tpm_only,clean,14,0.9279638001643494,False,,,
342593,tpm_clean,tpm_only,clean,15,0.8873170324909503,False,,,
342593,tpm_clean,tpm_only,clean,16,0.9485351960248941,False,,,
342593,tpm_clean,tpm_only,clean,17,0.9222199415062767,False,,,
342593,tpm_clean,tpm_only,clean,18,0.93712137300462,False,,,
342593,tpm_clean,tpm_only,clean,19,0.9543854275019035,False,,,
342593,tpm_clean,tpm_only,clean,20,0.8932238261218689,False,,,
342593,tpm_clean,tpm_only,clean,21,0.9625917066088713,False,,,
342593,tpm_clean,tpm_only,clean,22,0.8947757642016528,False,,,
342593,tpm_clean,tpm_only,clean,23,0.8967561689672507,False,,,
342593,tpm_clean,tpm_only,clean,24,0.8971196567726868,False,,,
342593,tpm_clean,tpm_only,clean,25,0.8971196567726868,False,,,
342593,tpm_clean,tpm_only,clean,26,0.935150030045312,False,,,
342593,tpm_clean,tpm_only,clean,27,0.9660044911811679,False,,,
342593,tpm_clean,tpm_only,clean,28,0.9660044911811679,False,,,
342593,tpm_clean,tpm_only,clean,29,0.9557842715247777,False,,,
342593,tpm_clean,tpm_only,clean,30,0.9397402258359416,False,,,
342593,tpm_adaptive,tpm_only,adaptive,1,0.3153687402130864,False,,,
342593,tpm_adaptive,tpm_only,adaptive,2,0.284652076318743,False,,,
342593,tpm_adaptive,tpm_only,adaptive,3,0.44941046255160105,False,,,
342593,tpm_adaptive,tpm_only,adaptive,4,0.4512704874249751,False,,,
342593,tpm_adaptive,tpm_only,adaptive,5,0.5911755107301236,False,,,
342593,tpm_adaptive,tpm_only,adaptive,6,0.5998031495626707,False,,,
342593,tpm_adaptive,tpm_only,adaptive,7,0.8794048851901013,False,,,
342593,tpm_adaptive,tpm_only,adaptive,8,0.9176228913354713,False,,,
342593,tpm_adaptive,tpm_only,adaptive,9,0.925775638986459,False,,,
342593,tpm_adaptive,tpm_only,adaptive,10,0.9265220734782337,False,,,
342593,tpm_adaptive,tpm_only,adaptive,11,0.6067654777001654,True,65,0.3365215330032597,True
342593,tpm_adaptive,tpm_only,adaptive,12,0.7587199817643627,True,64,0.0995164383135303,True
342593,tpm_adaptive,tpm_only,adaptive,13,0.43298090426385244,True,65,0.504076849955033,True
342593,tpm_adaptive,tpm_only,adaptive,14,0.5325906654925012,True,63,0.3352635180469755,True
342593,tpm_adaptive,tpm_only,adaptive,15,0.5783004746209959,True,49,0.37223805975340085,True
342593,tpm_adaptive,tpm_only,adaptive,16,0.5528696851300782,True,47,0.3960886596069966,True
342593,tpm_adaptive,tpm_only,adaptive,17,0.6233477850692358,True,59,0.3242467392514399,True
342593,tpm_adaptive,tpm_only,adaptive,18,0.6339076559977859,True,17,0.0,False
342593,tpm_adaptive,tpm_only,adaptive,19,0.6224262158572255,True,49,0.3155795484225776,True
342593,tpm_adaptive,tpm_only,adaptive,20,0.5721798310693699,True,32,0.29306760644412544,True
342593,tpm_adaptive,tpm_only,adaptive,21,0.6331408094614245,True,46,0.30744662863564987,True
342593,tpm_adaptive,tpm_only,adaptive,22,0.5930086038788611,True,33,0.2930915509953945,True
342593,tpm_adaptive,tpm_only,adaptive,23,0.610019384309378,True,49,0.27311128147330666,True
342593,tpm_adaptive,tpm_only,adaptive,24,0.6025446934353164,True,32,0.2724750566055181,True
342593,tpm_adaptive,tpm_only,adaptive,25,0.5969451346185561,True,32,0.29234348972826263,True
342593,tpm_adaptive,tpm_only,adaptive,26,0.6161418803269477,True,32,0.3110013666809506,True
342593,tpm_adaptive,tpm_only,adaptive,27,0.6245190541637001,True,31,0.32768210753424576,True
342593,tpm_adaptive,tpm_only,adaptive,28,0.6417176611448029,True,30,0.31867807689275796,True
342593,tpm_adaptive,tpm_only,adaptive,29,0.6685178608452625,True,31,0.2738328866970319,True
342593,tpm_adaptive,tpm_only,adaptive,30,0.6546094353167123,True,28,0.27854506751848995,True
343593,gated_clean,gated_composite,clean,1,0.4393020647883119,False,,,
343593,gated_clean,gated_composite,clean,2,0.44191403433110216,False,,,
343593,gated_clean,gated_composite,clean,3,0.44570023905911077,False,,,
343593,gated_clean,gated_composite,clean,4,0.45013081027031837,False,,,
343593,gated_clean,gated_composite,clean,5,0.6166327959846635,False,,,
343593,gated_clean,gated_composite,clean,6,0.8542173046512014,False,,,
343593,gated_clean,gated_composite,clean,7,0.8754955026806917,False,,,
343593,gated_clean,gated_composite,clean,8,0.9351684997620725,False,,,
343593,gated_clean,gated_composite,clean,9,0.9324723021196387,False,,,
343593,gated_clean,gated_composite,clean,10,0.9412861047578464,False,,,
343593,gated_clean,gated_composite,clean,11,0.9422404096383078,False,,,
343593,gated_clean,gated_composite,clean,12,0.942653703135279,False,,,
343593,gated_clean,gated_composite,clean,13,0.9468604621482196,False,,,
343593,gated_clean,gated_composite,clean,14,0.8885414264270671,False,,,
343593,gated_clean,gated_composite,clean,15,0.8893614065457401,False,,,
343593,gated_clean,gated_composite,clean,16,0.8896613573293058,False,,,
343593,gated_clean,gated_composite,clean,17,0.8905665949478913,False,,,
343593,gated_clean,gated_composite,clean,18,0.8984702657986116,False,,,
343593,gated_clean,gated_composite,clean,19,0.9374414613973707,False,,,
343593,gated_clean,gated_composite,clean,20,0.9005474668769281,False,,,
343593,gated_clean,gated_composite,clean,21,0.8961788038751092,False,,,
343593,gated_clean,gated_composite,clean,22,0.8984989533562189,False,,,
343593,gated_clean,gated_composite,clean,23,0.8992202641010204,False,,,
343593,gated_clean,gated_composite,clean,24,0.8995525591076184,False,,,
343593,gated_clean,gated_composite,clean,25,0.8984989533562189,False,,,
343593,gated_clean,gated_composite,clean,26,0.8965662104222546,False,,,
343593,gated_clean,gated_composite,clean,27,0.9328010746697956,False,,,
343593,gated_clean,gated_composite,clean,28,0.9322465000566521,False,,,
343593,gated_clean,gated_composite,clean,29,0.8965662104222546,False,,,
343593,gated_clean,gated_composite,clean,30,0.896731943680582,False,,,
343593,gated_adaptive,gated_composite,adaptive,1,0.4393020647883119,False,,,
343593,gated_adaptive,gated_composite,adaptive,2,0.44191403433110216,False,,,
343593,gated_adaptive,gated_composite,adaptive,3,0.44570023905911077,False,,,
343593,gated_adaptive,gated_composite,adaptive,4,0.45013081027031837,False,,,
343593,gated_adaptive,gated_composite,adaptive,5,0.6166327959846635,False,,,
343593,gated_adaptive,gated_composite,adaptive,6,0.8542173046512014,False,,,
343593,gated_adaptive,gated_composite,adaptive,7,0.8754955026806917,False,,,
343593,gated_adaptive,gated_composite,adaptive,8,0.9351684997620725,False,,,
343593,gated_adaptive,gated_composite,adaptive,9,0.9324723021196387,False,,,
343593,gated_adaptive,gated_composite,adaptive,10,0.9412861047578464,False,,,
343593,gated_adaptive,gated_composite,adaptive,11,0.9402137617670153,True,48,0.002026647871292475,False
343593,gated_adaptive,gated_composite,adaptive,12,0.9521500412479917,True,16,0.0,False
343593,gated_adaptive,gated_composite,adaptive,13,0.9530236479973239,True,15,0.000630506454426083,False
343593,gated_adaptive,gated_composite,adaptive,14,0.886275792862009,True,32,0.0009971593299342718,False
343593,gated_adaptive,gated_composite,adaptive,15,0.9518441412943649,True,49,0.0039360751018791,False
343593,gated_adaptive,gated_composite,adaptive,16,0.9518441412943649,True,49,0.0039360751018791,False
343593,gated_adaptive,gated_composite,adaptive,17,0.9523114446781902,True,15,0.0,False
343593,gated_adaptive,gated_composite,adaptive,18,0.9518441412943649,True,30,0.004540191525133186,False
343593,gated_adaptive,gated_composite,adaptive,19,0.9576596429098588,True,,,False
343593,gated_adaptive,gated_composite,adaptive,20,0.8980463442772969,True,11,0.0,False
343593,gated_adaptive,gated_composite,adaptive,21,0.89526332314603,True,29,0.0,False
343593,gated_adaptive,gated_composite,adaptive,22,0.8889447582146737,True,46,0.008971129085923235,False
343593,gated_adaptive,gated_composite,adaptive,23,0.8970712881790694,True,32,0.0008445991215274562,False
343593,gated_adaptive,gated_composite,adaptive,24,0.897528993079492,True,49,0.0016619591342721396,False
343593,gated_adaptive,gated_composite,adaptive,25,0.8989281453037234,True,32,0.00044429932060541244,False
343593,gated_adaptive,gated_composite,adaptive,26,0.8965575885991347,True,42,0.0019251821339111297,False
343593,gated_adaptive,gated_composite,adaptive,27,0.9464100973038639,True,14,0.0,False
343593,gated_adaptive,gated_composite,adaptive,28,0.9582162958822241,True,2,-0.011806198578360183,False
343593,gated_adaptive,gated_composite,adaptive,29,0.8958292124201342,True,31,0.0015097565316080086,False
343593,gated_adaptive,gated_composite,adaptive,30,0.8961590412963324,True,33,0.0003336905750673802,False
343593,tpm_clean,tpm_only,clean,1,0.4393020647883119,False,,,
343593,tpm_clean,tpm_only,clean,2,0.44191403433110216,False,,,
343593,tpm_clean,tpm_only,clean,3,0.44570023905911077,False,,,
343593,tpm_clean,tpm_only,clean,4,0.45013081027031837,False,,,
343593,tpm_clean,tpm_only,clean,5,0.6118586079573661,False,,,
343593,tpm_clean,tpm_only,clean,6,0.8542173046512014,False,,,
343593,tpm_clean,tpm_only,clean,7,0.8756314247962068,False,,,
343593,tpm_clean,tpm_only,clean,8,0.9353157949952907,False,,,
343593,tpm_clean,tpm_only,clean,9,0.9329153088361887,False,,,
343593,tpm_clean,tpm_only,clean,10,0.9417363876354568,False,,,
343593,tpm_clean,tpm_only,clean,11,0.9438093588486683,False,,,
343593,tpm_clean,tpm_only,clean,12,0.9425225220251309,False,,,
343593,tpm_clean,tpm_only,clean,13,0.8889259442137482,False,,,
343593,tpm_clean,tpm_only,clean,14,0.8876497353670576,False,,,
343593,tpm_clean,tpm_only,clean,15,0.8899615808091128,False,,,
343593,tpm_clean,tpm_only,clean,16,0.8897920602407098,False,,,
343593,tpm_clean,tpm_only,clean,17,0.8903792854941223,False,,,
343593,tpm_clean,tpm_only,clean,18,0.8900453166021841,False,,,
343593,tpm_clean,tpm_only,clean,19,0.8913202953693125,False,,,
343593,tpm_clean,tpm_only,clean,20,0.8955168068032927,False,,,
343593,tpm_clean,tpm_only,clean,21,0.898169923762369,False,,,
343593,tpm_clean,tpm_only,clean,22,0.898169923762369,False,,,
343593,tpm_clean,tpm_only,clean,23,0.898169923762369,False,,,
343593,tpm_clean,tpm_only,clean,24,0.898169923762369,False,,,
343593,tpm_clean,tpm_only,clean,25,0.898169923762369,False,,,
343593,tpm_clean,tpm_only,clean,26,0.8988916933033906,False,,,
343593,tpm_clean,tpm_only,clean,27,0.8988916933033906,False,,,
343593,tpm_clean,tpm_only,clean,28,0.898504004346177,False,,,
343593,tpm_clean,tpm_only,clean,29,0.8988916933033906,False,,,
343593,tpm_clean,tpm_only,clean,30,0.8988916933033906,False,,,
343593,tpm_adaptive,tpm_only,adaptive,1,0.4393020647883119,False,,,
343593,tpm_adaptive,tpm_only,adaptive,2,0.44191403433110216,False,,,
343593,tpm_adaptive,tpm_only,adaptive,3,0.44570023905911077,False,,,
343593,tpm_adaptive,tpm_only,adaptive,4,0.45013081027031837,False,,,
343593,tpm_adaptive,tpm_only,adaptive,5,0.6118586079573661,False,,,
343593,tpm_adaptive,tpm_only,adaptive,6,0.8542173046512014,False,,,
343593,tpm_adaptive,tpm_only,adaptive,7,0.8756314247962068,False,,,
343593,tpm_adaptive,tpm_only,adaptive,8,0.9353157949952907,False,,,
343593,tpm_adaptive,tpm_only,adaptive,9,0.9329153088361887,False,,,
343593,tpm_adaptive,tpm_only,adaptive,10,0.9417363876354568,False,,,
343593,tpm_adaptive,tpm_only,adaptive,11,0.929576370958098,True,33,0.01423298789057037,True
343593,tpm_adaptive,tpm_only,adaptive,12,0.8018642435652449,True,63,0.15011379191931573,True
343593,tpm_adaptive,tpm_only,adaptive,13,0.7170735204101847,True,65,0.17066640507102182,True
343593,tpm_adaptive,tpm_only,adaptive,14,0.24038040143746164,True,62,0.6944480839389304,True
343593,tpm_adaptive,tpm_only,adaptive,15,0.5951127196494177,True,65,0.2927971903935488,True
343593,tpm_adaptive,tpm_only,adaptive,16,0.5987097538316399,True,64,0.35046859563905,True
343593,tpm_adaptive,tpm_only,adaptive,17,0.6097414226591608,True,33,0.200644209520913,True
343593,tpm_adaptive,tpm_only,adaptive,18,0.7007251836036362,True,65,0.2491139984403382,True
343593,tpm_adaptive,tpm_only,adaptive,19,0.6489952117341448,True,60,0.006042308621483805,False
343593,tpm_adaptive,tpm_only,adaptive,20,0.6493122486102205,True,62,0.005778544799941887,False
343593,tpm_adaptive,tpm_only,adaptive,21,0.6508636177246786,True,16,0.0,False
343593,tpm_adaptive,tpm_only,adaptive,22,0.657687438467218,True,13,0.0,False
343593,tpm_adaptive,tpm_only,adaptive,23,0.6499194852908986,True,64,0.10587557874141096,True
343593,tpm_adaptive,tpm_only,adaptive,24,0.7155769044724484,True,63,0.006531155347989537,False
343593,tpm_adaptive,tpm_only,adaptive,25,0.6559811791549525,True,47,0.0,False
343593,tpm_adaptive,tpm_only,adaptive,26,0.6553121769227827,True,63,0.0027341475094464496,False
343593,tpm_adaptive,tpm_only,adaptive,27,0.6559811791549525,True,49,0.0020651452772766365,False
343593,tpm_adaptive,tpm_only,adaptive,28,0.6562089720992247,True,47,0.0014788957644874534,False
343593,tpm_adaptive,tpm_only,adaptive,29,0.6558237105719944,True,13,0.0,False
343593,tpm_adaptive,tpm_only,adaptive,30,0.6555959039607103,True,33,0.00022780661128407598,False
344593,gated_clean,gated_composite,clean,1,0.32482171060568304,False,,,
344593,gated_clean,gated_composite,clean,2,0.2880532147124386,False,,,
344593,gated_clean,gated_composite,clean,3,0.35056840930895183,False,,,
344593,gated_clean,gated_composite,clean,4,0.3499096748186812,False,,,
344593,gated_clean,gated_composite,clean,5,0.4062839977763726,False,,,
344593,gated_clean,gated_composite,clean,6,0.8437900051142755,False,,,
344593,gated_clean,gated_composite,clean,7,0.9491353508238292,False,,,
344593,gated_clean,gated_composite,clean,8,0.9496655643537952,False,,,
344593,gated_clean,gated_composite,clean,9,0.946240911380363,False,,,
344593,gated_clean,gated_composite,clean,10,0.9443970670531784,False,,,
344593,gated_clean,gated_composite,clean,11,0.9423420293219188,False,,,
344593,gated_clean,gated_composite,clean,12,0.9556533062035717,False,,,
344593,gated_clean,gated_composite,clean,13,0.9539258045534197,False,,,
344593,gated_clean,gated_composite,clean,14,0.9601595537178728,False,,,
344593,gated_clean,gated_composite,clean,15,0.9232269484496269,False,,,
344593,gated_clean,gated_composite,clean,16,0.9605354406199519,False,,,
344593,gated_clean,gated_composite,clean,17,0.9239782533118075,False,,,
344593,gated_clean,gated_composite,clean,18,0.9612849305275883,False,,,
344593,gated_clean,gated_composite,clean,19,0.9609105648344943,False,,,
344593,gated_clean,gated_composite,clean,20,0.9359450134040782,False,,,
344593,gated_clean,gated_composite,clean,21,0.9689785241148519,False,,,
344593,gated_clean,gated_composite,clean,22,0.8999104577764007,False,,,
344593,gated_clean,gated_composite,clean,23,0.9663557353208998,False,,,
344593,gated_clean,gated_composite,clean,24,0.9443239120614728,False,,,
344593,gated_clean,gated_composite,clean,25,0.8972578613919248,False,,,
344593,gated_clean,gated_composite,clean,26,0.8999104577764007,False,,,
344593,gated_clean,gated_composite,clean,27,0.8999104577764007,False,,,
344593,gated_clean,gated_composite,clean,28,0.9067852127064588,False,,,
344593,gated_clean,gated_composite,clean,29,0.9000631454099274,False,,,
344593,gated_clean,gated_composite,clean,30,0.9000631454099274,False,,,
344593,gated_adaptive,gated_composite,adaptive,1,0.32482171060568304,False,,,
344593,gated_adaptive,gated_composite,adaptive,2,0.2880532147124386,False,,,
344593,gated_adaptive,gated_composite,adaptive,3,0.35056840930895183,False,,,
344593,gated_adaptive,gated_composite,adaptive,4,0.3499096748186812,False,,,
344593,gated_adaptive,gated_composite,adaptive,5,0.4062839977763726,False,,,
344593,gated_adaptive,gated_composite,adaptive,6,0.8437900051142755,False,,,
344593,gated_adaptive,gated_composite,adaptive,7,0.9491353508238292,False,,,
344593,gated_adaptive,gated_composite,adaptive,8,0.9496655643537952,False,,,
344593,gated_adaptive,gated_composite,adaptive,9,0.946240911380363,False,,,
344593,gated_adaptive,gated_composite,adaptive,10,0.9443970670531784,False,,,
344593,gated_adaptive,gated_composite,adaptive,11,0.9411400583959949,True,28,0.0012019709259238898,False
344593,gated_adaptive,gated_composite,adaptive,12,0.9523220858263639,True,16,0.0024279685219409375,False
344593,gated_adaptive,gated_composite,adaptive,13,0.9575220337800427,True,32,0.002187846684826522,False
344593,gated_adaptive,gated_composite,adaptive,14,0.9576712053917333,True,33,0.0020386750731359315,False
344593,gated_adaptive,gated_composite,adaptive,15,0.9598597063801976,True,,,False
344593,gated_adaptive,gated_composite,adaptive,16,0.9393691627772371,True,28,0.01339651321473212,True
344593,gated_adaptive,gated_composite,adaptive,17,0.9262597908780825,True,33,0.009602356700925352,False
344593,gated_adaptive,gated_composite,adaptive,18,0.9581304096383385,True,44,0.009824116640551939,False
344593,gated_adaptive,gated_composite,adaptive,19,0.9581304096383385,True,31,0.0018051728192101102,False
344593,gated_adaptive,gated_composite,adaptive,20,0.8889123250420478,True,48,0.009309177070905172,False
344593,gated_adaptive,gated_composite,adaptive,21,0.9602519190490016,True,29,0.001174865142145376,False
344593,gated_adaptive,gated_composite,adaptive,22,0.8887631479419497,True,48,0.0099708491491165,False
344593,gated_adaptive,gated_composite,adaptive,23,0.966682528404486,True,62,0.001533901704671714,False
344593,gated_adaptive,gated_composite,adaptive,24,0.9332703820502731,True,33,0.0,False
344593,gated_adaptive,gated_composite,adaptive,25,0.899148099242845,True,,,False
344593,gated_adaptive,gated_composite,adaptive,26,0.8989958417506454,True,48,0.00015225749219960338,False
344593,gated_adaptive,gated_composite,adaptive,27,0.899148099242845,True,17,0.0,False
344593,gated_adaptive,gated_composite,adaptive,28,0.899148099242845,True,47,0.0013700350081136126,False
344593,gated_adaptive,gated_composite,adaptive,29,0.8989958417506454,True,49,0.00015225749219960338,False
344593,gated_adaptive,gated_composite,adaptive,30,0.8986370997466597,True,47,0.0005109994961852715,False
344593,tpm_clean,tpm_only,clean,1,0.32482171060568304,False,,,
344593,tpm_clean,tpm_only,clean,2,0.2880532147124386,False,,,
344593,tpm_clean,tpm_only,clean,3,0.35056840930895183,False,,,
344593,tpm_clean,tpm_only,clean,4,0.3499096748186812,False,,,
344593,tpm_clean,tpm_only,clean,5,0.4062839977763726,False,,,
344593,tpm_clean,tpm_only,clean,6,0.8437900051142755,False,,,
344593,tpm_clean,tpm_only,clean,7,0.9491353508238292,False,,,
344593,tpm_clean,tpm_only,clean,8,0.9496655643537952,False,,,
344593,tpm_clean,tpm_only,clean,9,0.946240911380363,False,,,
344593,tpm_clean,tpm_only,clean,10,0.9443970670531784,False,,,
344593,tpm_clean,tpm_only,clean,11,0.9423420293219188,False,,,
344593,tpm_clean,tpm_only,clean,12,0.9559531417973912,False,,,
344593,tpm_clean,tpm_only,clean,13,0.927658446514002,False,,,
344593,tpm_clean,tpm_only,clean,14,0.9601595537178728,False,,,
344593,tpm_clean,tpm_only,clean,15,0.8910907013759105,False,,,
344593,tpm_clean,tpm_only,clean,16,0.891466597136407,False,,,
344593,tpm_clean,tpm_only,clean,17,0.9219370775533471,False,,,
344593,tpm_clean,tpm_only,clean,18,0.9248044426875038,False,,,
344593,tpm_clean,tpm_only,clean,19,0.9615119022866189,False,,,
344593,tpm_clean,tpm_only,clean,20,0.8999539853047839,False,,,
344593,tpm_clean,tpm_only,clean,21,0.9286560543389122,False,,,
344593,tpm_clean,tpm_only,clean,22,0.9008276767357714,False,,,
344593,tpm_clean,tpm_only,clean,23,0.9672723470965222,False,,,
344593,tpm_clean,tpm_only,clean,24,0.9008276767357714,False,,,
344593,tpm_clean,tpm_only,clean,25,0.8981747527224752,False,,,
344593,tpm_clean,tpm_only,clean,26,0.9008276767357714,False,,,
344593,tpm_clean,tpm_only,clean,27,0.95053986091478,False,,,
344593,tpm_clean,tpm_only,clean,28,0.9266044743901665,False,,,
344593,tpm_clean,tpm_only,clean,29,0.9008276767357714,False,,,
344593,tpm_clean,tpm_only,clean,30,0.9008276767357714,False,,,
344593,tpm_adaptive,tpm_only,adaptive,1,0.32482171060568304,False,,,
344593,tpm_adaptive,tpm_only,adaptive,2,0.2880532147124386,False,,,
344593,tpm_adaptive,tpm_only,adaptive,3,0.35056840930895183,False,,,
344593,tpm_adaptive,tpm_only,adaptive,4,0.3499096748186812,False,,,
344593,tpm_adaptive,tpm_only,adaptive,5,0.4062839977763726,False,,,
344593,tpm_adaptive,tpm_only,adaptive,6,0.8437900051142755,False,,,
344593,tpm_adaptive,tpm_only,adaptive,7,0.9491353508238292,False,,,
344593,tpm_adaptive,tpm_only,adaptive,8,0.9496655643537952,False,,,
344593,tpm_adaptive,tpm_only,adaptive,9,0.946240911380363,False,,,
344593,tpm_adaptive,tpm_only,adaptive,10,0.9443970670531784,False,,,
344593,tpm_adaptive,tpm_only,adaptive,11,0.9411400583959949,True,31,0.0012019709259238898,False
344593,tpm_adaptive,tpm_only,adaptive,12,0.9520883785769616,True,16,0.002811284429288574,False
344593,tpm_adaptive,tpm_only,adaptive,13,0.8616647975538295,True,65,0.09819490882636805,True
344593,tpm_adaptive,tpm_only,adaptive,14,0.7497187731074693,True,65,0.14758130150857196,True
344593,tpm_adaptive,tpm_only,adaptive,15,0.3251621124032555,True,64,0.6188240134734442,True
344593,tpm_adaptive,tpm_only,adaptive,16,0.6097201471442764,True,63,0.28189640065631305,True
344593,tpm_adaptive,tpm_only,adaptive,17,0.8983631795324034,True,9,0.0,False
344593,tpm_adaptive,tpm_only,adaptive,18,0.7118230793297374,True,63,0.2475873436794077,True
344593,tpm_adaptive,tpm_only,adaptive,19,0.6082218357521194,True,65,0.2858248933525074,True
344593,tpm_adaptive,tpm_only,adaptive,20,0.6096869425334873,True,59,0.287623652675596,True
344593,tpm_adaptive,tpm_only,adaptive,21,0.6902124293742885,True,46,0.20639747355934812,True
344593,tpm_adaptive,tpm_only,adaptive,22,0.6440797374352281,True,48,0.25298418751459384,True
344593,tpm_adaptive,tpm_only,adaptive,23,0.9651375303150088,True,17,0.0,False
344593,tpm_adaptive,tpm_only,adaptive,24,0.8986915390314317,True,49,0.0009137601398470085,False
344593,tpm_adaptive,tpm_only,adaptive,25,0.8971053023450822,True,17,0.0,False
344593,tpm_adaptive,tpm_only,adaptive,26,0.8955913498860668,True,65,0.004471795523860567,False
344593,tpm_adaptive,tpm_only,adaptive,27,0.9493169101538319,True,33,0.0003053127591691185,False
344593,tpm_adaptive,tpm_only,adaptive,28,0.8996052991712787,True,27,0.0003051586051219246,False
344593,tpm_adaptive,tpm_only,adaptive,29,0.6837942568172627,True,64,0.2162688885926647,True
344593,tpm_adaptive,tpm_only,adaptive,30,0.612401832274969,True,31,0.286746266967876,True
345593,gated_clean,gated_composite,clean,1,0.39197116959341255,False,,,
345593,gated_clean,gated_composite,clean,2,0.585693484482154,False,,,
345593,gated_clean,gated_composite,clean,3,0.5904003465011424,False,,,
345593,gated_clean,gated_composite,clean,4,0.5914860684145188,False,,,
345593,gated_clean,gated_composite,clean,5,0.6244577462143338,False,,,
345593,gated_clean,gated_composite,clean,6,0.769750228643089,False,,,
345593,gated_clean,gated_composite,clean,7,0.8742154850304876,False,,,
345593,gated_clean,gated_composite,clean,8,0.9264253378006869,False,,,
345593,gated_clean,gated_composite,clean,9,0.9343014395480987,False,,,
345593,gated_clean,gated_composite,clean,10,0.941367231618194,False,,,
345593,gated_clean,gated_composite,clean,11,0.9420045961110975,False,,,
345593,gated_clean,gated_composite,clean,12,0.9312753450070531,False,,,
345593,gated_clean,gated_composite,clean,13,0.8850475392110999,False,,,
345593,gated_clean,gated_composite,clean,14,0.9510855034938824,False,,,
345593,gated_clean,gated_composite,clean,15,0.8857012269508338,False,,,
345593,gated_clean,gated_composite,clean,16,0.8927574616581686,False,,,
345593,gated_clean,gated_composite,clean,17,0.8959209294199955,False,,,
345593,gated_clean,gated_composite,clean,18,0.9591699971387296,False,,,
345593,gated_clean,gated_composite,clean,19,0.8946761310359171,False,,,
345593,gated_clean,gated_composite,clean,20,0.8946761310359171,False,,,
345593,gated_clean,gated_composite,clean,21,0.8954079759317289,False,,,
345593,gated_clean,gated_composite,clean,22,0.9323343738543289,False,,,
345593,gated_clean,gated_composite,clean,23,0.8959209294199955,False,,,
345593,gated_clean,gated_composite,clean,24,0.8959209294199955,False,,,
345593,gated_clean,gated_composite,clean,25,0.915086783994334,False,,,
345593,gated_clean,gated_composite,clean,26,0.8984702657986116,False,,,
345593,gated_clean,gated_composite,clean,27,0.9008276767357714,False,,,
345593,gated_clean,gated_composite,clean,28,0.8986569286489603,False,,,
345593,gated_clean,gated_composite,clean,29,0.8986569286489603,False,,,
345593,gated_clean,gated_composite,clean,30,0.8983076933928119,False,,,
345593,gated_adaptive,gated_composite,adaptive,1,0.39197116959341255,False,,,
345593,gated_adaptive,gated_composite,adaptive,2,0.585693484482154,False,,,
345593,gated_adaptive,gated_composite,adaptive,3,0.5904003465011424,False,,,
345593,gated_adaptive,gated_composite,adaptive,4,0.5914860684145188,False,,,
345593,gated_adaptive,gated_composite,adaptive,5,0.6244577462143338,False,,,
345593,gated_adaptive,gated_composite,adaptive,6,0.769750228643089,False,,,
345593,gated_adaptive,gated_composite,adaptive,7,0.8742154850304876,False,,,
345593,gated_adaptive,gated_composite,adaptive,8,0.9264253378006869,False,,,
345593,gated_adaptive,gated_composite,adaptive,9,0.9343014395480987,False,,,
345593,gated_adaptive,gated_composite,adaptive,10,0.941367231618194,False,,,
345593,gated_adaptive,gated_composite,adaptive,11,0.938836404496386,True,30,0.003168191614711602,False
345593,gated_adaptive,gated_composite,adaptive,12,0.9477914846336623,True,15,0.0002685137308396923,False
345593,gated_adaptive,gated_composite,adaptive,13,0.8832677429792913,True,15,0.001401252508013151,False
345593,gated_adaptive,gated_composite,adaptive,14,0.9490176892929939,True,14,0.000938950324363752,False
345593,gated_adaptive,gated_composite,adaptive,15,0.8871288253346149,True,31,0.001209239642844584,False
345593,gated_adaptive,gated_composite,adaptive,16,0.8866802003735615,True,49,0.008727775558167394,False
345593,gated_adaptive,gated_composite,adaptive,17,0.945115105709668,True,12,0.001748612123078308,False
345593,gated_adaptive,gated_composite,adaptive,18,0.9515027832449494,True,30,0.0076672138937802226,False
345593,gated_adaptive,gated_composite,adaptive,19,0.9242639168609575,True,17,0.0004554514772713292,False
345593,gated_adaptive,gated_composite,adaptive,20,0.8940689285865843,True,33,0.0006072024493328776,False
345593,gated_adaptive,gated_composite,adaptive,21,0.8937657536956944,True,49,0.0016422222360344962,False
345593,gated_adaptive,gated_composite,adaptive,22,0.9490850818346196,True,29,0.0036205997336452578,False
345593,gated_adaptive,gated_composite,adaptive,23,0.8953439742058138,True,29,0.0004250403516948831,False
345593,gated_adaptive,gated_composite,adaptive,24,0.8950105088462038,True,33,0.00030318953412122873,False
345593,gated_adaptive,gated_composite,adaptive,25,0.8962855172526201,True,31,0.002792597070839453,False
345593,gated_adaptive,gated_composite,adaptive,26,0.8966710749730024,True,32,0.0011777191373965046,False
345593,gated_adaptive,gated_composite,adaptive,27,0.8978605005311838,True,48,0.002049957245216838,False
345593,gated_adaptive,gated_composite,adaptive,28,0.8958620362814683,True,30,0.002063418801274697,False
345593,gated_adaptive,gated_composite,adaptive,29,0.9309942847189604,True,32,0.0020597244486514343,False
345593,gated_adaptive,gated_composite,adaptive,30,0.8964986800532907,True,31,0.001984090679755135,False
345593,tpm_clean,tpm_only,clean,1,0.39197116959341255,False,,,
345593,tpm_clean,tpm_only,clean,2,0.585693484482154,False,,,
345593,tpm_clean,tpm_only,clean,3,0.5904003465011424,False,,,
345593,tpm_clean,tpm_only,clean,4,0.5914860684145188,False,,,
345593,tpm_clean,tpm_only,clean,5,0.6244577462143338,False,,,
345593,tpm_clean,tpm_only,clean,6,0.769750228643089,False,,,
345593,tpm_clean,tpm_only,clean,7,0.8742154850304876,False,,,
345593,tpm_clean,tpm_only,clean,8,0.9264253378006869,False,,,
345593,tpm_clean,tpm_only,clean,9,0.9343014395480987,False,,,
345593,tpm_clean,tpm_only,clean,10,0.9410493698425265,False,,,
345593,tpm_clean,tpm_only,clean,11,0.948934786464239,False,,,
345593,tpm_clean,tpm_only,clean,12,0.9456108209051933,False,,,
345593,tpm_clean,tpm_only,clean,13,0.8846689954873045,False,,,
345593,tpm_clean,tpm_only,clean,14,0.9510855034938824,False,,,
345593,tpm_clean,tpm_only,clean,15,0.8857012269508338,False,,,
345593,tpm_clean,tpm_only,clean,16,0.8927574616581686,False,,,
345593,tpm_clean,tpm_only,clean,17,0.9200424587497734,False,,,
345593,tpm_clean,tpm_only,clean,18,0.9591699971387296,False,,,
345593,tpm_clean,tpm_only,clean,19,0.8946761310359171,False,,,
345593,tpm_clean,tpm_only,clean,20,0.8946761310359171,False,,,
345593,tpm_clean,tpm_only,clean,21,0.8954079759317289,False,,,
345593,tpm_clean,tpm_only,clean,22,0.9442365667304253,False,,,
345593,tpm_clean,tpm_only,clean,23,0.8959209294199955,False,,,
345593,tpm_clean,tpm_only,clean,24,0.8966527882593236,False,,,
345593,tpm_clean,tpm_only,clean,25,0.932699378105,False,,,
345593,tpm_clean,tpm_only,clean,26,0.8981081458514621,False,,,
345593,tpm_clean,tpm_only,clean,27,0.8995525591076184,False,,,
345593,tpm_clean,tpm_only,clean,28,0.8973818501970108,False,,,
345593,tpm_clean,tpm_only,clean,29,0.9040854435481235,False,,,
345593,tpm_clean,tpm_only,clean,30,0.8991924687033396,False,,,
345593,tpm_adaptive,tpm_only,adaptive,1,0.39197116959341255,False,,,
345593,tpm_adaptive,tpm_only,adaptive,2,0.585693484482154,False,,,
345593,tpm_adaptive,tpm_only,adaptive,3,0.5904003465011424,False,,,
345593,tpm_adaptive,tpm_only,adaptive,4,0.5914860684145188,False,,,
345593,tpm_adaptive,tpm_only,adaptive,5,0.6244577462143338,False,,,
345593,tpm_adaptive,tpm_only,adaptive,6,0.769750228643089,False,,,
345593,tpm_adaptive,tpm_only,adaptive,7,0.8742154850304876,False,,,
345593,tpm_adaptive,tpm_only,adaptive,8,0.9264253378006869,False,,,
345593,tpm_adaptive,tpm_only,adaptive,9,0.9343014395480987,False,,,
345593,tpm_adaptive,tpm_only,adaptive,10,0.9410493698425265,False,,,
345593,tpm_adaptive,tpm_only,adaptive,11,0.9390904614098049,True,33,0.009844325054434111,False
345593,tpm_adaptive,tpm_only,adaptive,12,0.7964120063285759,True,64,0.15088391763357767,True
345593,tpm_adaptive,tpm_only,adaptive,13,0.697032372871012,True,64,0.19377671552170728,True
345593,tpm_adaptive,tpm_only,adaptive,14,0.24031211642994918,True,65,0.7036782905933271,True
345593,tpm_adaptive,tpm_only,adaptive,15,0.6442892689449079,True,62,0.24142092852332553,True
345593,tpm_adaptive,tpm_only,adaptive,16,0.7127103598273156,True,49,0.23417925492377234,True
345593,tpm_adaptive,tpm_only,adaptive,17,0.9474040229692334,True,15,0.00014928040268613607,False
345593,tpm_adaptive,tpm_only,adaptive,18,0.9510251217002071,True,30,0.0010472763965787557,False
345593,tpm_adaptive,tpm_only,adaptive,19,0.9508757706379853,True,48,0.004971608010518769,False
345593,tpm_adaptive,tpm_only,adaptive,20,0.9591699971387296,True,17,0.0,False
345593,tpm_adaptive,tpm_only,adaptive,21,0.8840681994704479,True,65,0.010607931565469242,True
345593,tpm_adaptive,tpm_only,adaptive,22,0.9584113705244618,True,13,0.0006067628292778515,False
345593,tpm_adaptive,tpm_only,adaptive,23,0.8865307924662443,True,62,0.008145338569672811,False
345593,tpm_adaptive,tpm_only,adaptive,24,0.9216848307889011,True,15,0.0,False
345593,tpm_adaptive,tpm_only,adaptive,25,0.8937657536956944,True,49,0.0016422222360344962,False
345593,tpm_adaptive,tpm_only,adaptive,26,0.8959488859503789,True,48,0.03255401971490779,True
345593,tpm_adaptive,tpm_only,adaptive,27,0.8950720289694208,True,46,0.0029296580759297086,False
345593,tpm_adaptive,tpm_only,adaptive,28,0.8944962557405479,True,33,0.0007277005525396785,False
345593,tpm_adaptive,tpm_only,adaptive,29,0.8964687404986144,True,14,0.0012387284423605038,False
345593,tpm_adaptive,tpm_only,adaptive,30,0.8950720289694208,True,48,0.0029296580759297086,False
