source_policy,condition,variant,safe_total,safe_quarantined,safe_downweighted,safe_accepted,safe_nominal_examples,safe_effective_examples,unsafe_total,unsafe_quarantined,unsafe_downweighted,unsafe_accepted,unsafe_nominal_examples,unsafe_effective_examples
gated_composite,clean,baseline,2250,49,366,1835,1064400,954659.0,0,0,0,0,0,0
gated_composite,clean,down-10pct,2250,49,553,1648,1064400,910427.0,0,0,0,0,0,0
gated_composite,clean,down+10pct,2250,49,248,1953,1064400,982570.0,0,0,0,0,0,0
gated_composite,clean,quarantine-10pct,2250,115,300,1835,1064400,939050.0,0,0,0,0,0,0
gated_composite,clean,quarantine+10pct,2250,16,399,1835,1064400,962463.5,0,0,0,0,0,0
gated_composite,clean,weight-025,2250,49,366,1835,1064400,911377.0,0,0,0,0,0,0
gated_composite,clean,weight-075,2250,49,366,1835,1064400,997941.0,0,0,0,0,0,0
gated_composite,disagreement,baseline,1800,12,196,1592,851550,799516.0,450,450,0,0,212850,0
gated_composite,disagreement,down-10pct,1800,12,321,1467,851550,769950.5,450,450,0,0,212850,0
gated_composite,disagreement,down+10pct,1800,12,108,1680,851550,820330.0,450,450,0,0,212850,0
gated_composite,disagreement,quarantine-10pct,1800,38,170,1592,851550,793367.0,450,450,0,0,212850,0
gated_composite,disagreement,quarantine+10pct,1800,1,207,1592,851550,802117.5,450,447,3,0,212850,709.5
gated_composite,disagreement,weight-025,1800,12,196,1592,851550,776337.0,450,450,0,0,212850,0
gated_composite,disagreement,weight-075,1800,12,196,1592,851550,822695.0,450,450,0,0,212850,0
sequential,clean,baseline,2250,33,366,1851,1064400,962227.0,0,0,0,0,0,0
sequential,clean,down-10pct,2250,33,531,1686,1064400,923197.5,0,0,0,0,0,0
sequential,clean,down+10pct,2250,33,239,1978,1064400,992266.0,0,0,0,0,0,0
sequential,clean,quarantine-10pct,2250,103,296,1851,1064400,945672.0,0,0,0,0,0,0
sequential,clean,quarantine+10pct,2250,11,388,1851,1064400,967430.0,0,0,0,0,0,0
sequential,clean,weight-025,2250,33,366,1851,1064400,918945.0,0,0,0,0,0,0
sequential,clean,weight-075,2250,33,366,1851,1064400,1005509.0,0,0,0,0,0,0
sequential,disagreement,baseline,1800,7,184,1609,851550,804720.0,450,450,0,0,212850,0
sequential,disagreement,down-10pct,1800,7,302,1491,851550,776809.5,450,450,0,0,212850,0
sequential,disagreement,down+10pct,1800,7,102,1691,851550,824114.5,450,450,0,0,212850,0
sequential,disagreement,quarantine-10pct,1800,30,161,1609,851550,799280.5,450,450,0,0,212850,0
sequential,disagreement,quarantine+10pct,1800,0,191,1609,851550,806375.5,450,447,3,0,212850,709.5
sequential,disagreement,weight-025,1800,7,184,1609,851550,782960.5,450,450,0,0,212850,0
sequential,disagreement,weight-075,1800,7,184,1609,851550,826479.5,450,450,0,0,212850,0
