seed,source_policy,condition,variant,safe_total,safe_quarantined,safe_downweighted,safe_accepted,safe_nominal_examples,safe_effective_examples,unsafe_total,unsafe_quarantined,unsafe_downweighted,unsafe_accepted,unsafe_nominal_examples,unsafe_effective_examples
341593,gated_composite,clean,baseline,450,6,75,369,212880,192303.0,0,0,0,0,0,0
341593,gated_composite,clean,down-10pct,450,6,98,346,212880,186863.0,0,0,0,0,0,0
341593,gated_composite,clean,down+10pct,450,6,52,392,212880,197744.0,0,0,0,0,0,0
341593,gated_composite,clean,quarantine-10pct,450,21,60,369,212880,188755.5,0,0,0,0,0,0
341593,gated_composite,clean,quarantine+10pct,450,2,79,369,212880,193249.0,0,0,0,0,0,0
341593,gated_composite,clean,weight-025,450,6,75,369,212880,183433.5,0,0,0,0,0,0
341593,gated_composite,clean,weight-075,450,6,75,369,212880,201172.5,0,0,0,0,0,0
341593,gated_composite,disagreement,baseline,360,2,24,334,170310,163688.0,90,90,0,0,42570,0
341593,gated_composite,disagreement,down-10pct,360,2,44,314,170310,158957.5,90,90,0,0,42570,0
341593,gated_composite,disagreement,down+10pct,360,2,19,339,170310,164870.5,90,90,0,0,42570,0
341593,gated_composite,disagreement,quarantine-10pct,360,9,17,334,170310,162032.5,90,90,0,0,42570,0
341593,gated_composite,disagreement,quarantine+10pct,360,1,25,334,170310,163924.5,90,90,0,0,42570,0
341593,gated_composite,disagreement,weight-025,360,2,24,334,170310,160850.0,90,90,0,0,42570,0
341593,gated_composite,disagreement,weight-075,360,2,24,334,170310,166526.0,90,90,0,0,42570,0
341593,sequential,clean,baseline,450,4,68,378,212880,194905.0,0,0,0,0,0,0
341593,sequential,clean,down-10pct,450,4,94,352,212880,188755.0,0,0,0,0,0,0
341593,sequential,clean,down+10pct,450,4,44,402,212880,200582.0,0,0,0,0,0,0
341593,sequential,clean,quarantine-10pct,450,18,54,378,212880,191594.0,0,0,0,0,0,0
341593,sequential,clean,quarantine+10pct,450,1,71,378,212880,195614.5,0,0,0,0,0,0
341593,sequential,clean,weight-025,450,4,68,378,212880,186863.5,0,0,0,0,0,0
341593,sequential,clean,weight-075,450,4,68,378,212880,202946.5,0,0,0,0,0,0
341593,sequential,disagreement,baseline,360,2,24,334,170310,163688.0,90,90,0,0,42570,0
341593,sequential,disagreement,down-10pct,360,2,43,315,170310,159193.0,90,90,0,0,42570,0
341593,sequential,disagreement,down+10pct,360,2,18,340,170310,165107.0,90,90,0,0,42570,0
341593,sequential,disagreement,quarantine-10pct,360,6,20,334,170310,162742.0,90,90,0,0,42570,0
341593,sequential,disagreement,quarantine+10pct,360,0,26,334,170310,164161.0,90,90,0,0,42570,0
341593,sequential,disagreement,weight-025,360,2,24,334,170310,160850.0,90,90,0,0,42570,0
341593,sequential,disagreement,weight-075,360,2,24,334,170310,166526.0,90,90,0,0,42570,0
342593,gated_composite,clean,baseline,450,15,73,362,212880,188520.5,0,0,0,0,0,0
342593,gated_composite,clean,down-10pct,450,15,123,312,212880,176695.5,0,0,0,0,0,0
342593,gated_composite,clean,down+10pct,450,15,50,385,212880,193960.0,0,0,0,0,0,0
342593,gated_composite,clean,quarantine-10pct,450,28,60,362,212880,185446.0,0,0,0,0,0,0
342593,gated_composite,clean,quarantine+10pct,450,5,83,362,212880,190885.5,0,0,0,0,0,0
342593,gated_composite,clean,weight-025,450,15,73,362,212880,179888.25,0,0,0,0,0,0
342593,gated_composite,clean,weight-075,450,15,73,362,212880,197152.75,0,0,0,0,0,0
342593,gated_composite,disagreement,baseline,360,3,46,311,170310,158012.0,90,90,0,0,42570,0
342593,gated_composite,disagreement,down-10pct,360,3,68,289,170310,152809.0,90,90,0,0,42570,0
342593,gated_composite,disagreement,down+10pct,360,3,21,336,170310,163924.5,90,90,0,0,42570,0
342593,gated_composite,disagreement,quarantine-10pct,360,10,39,311,170310,156356.5,90,90,0,0,42570,0
342593,gated_composite,disagreement,quarantine+10pct,360,0,49,311,170310,158721.5,90,89,1,0,42570,236.5
342593,gated_composite,disagreement,weight-025,360,3,46,311,170310,152572.5,90,90,0,0,42570,0
342593,gated_composite,disagreement,weight-075,360,3,46,311,170310,163451.5,90,90,0,0,42570,0
342593,sequential,clean,baseline,450,13,76,361,212880,188757.0,0,0,0,0,0,0
342593,sequential,clean,down-10pct,450,13,120,317,212880,178351.0,0,0,0,0,0,0
342593,sequential,clean,down+10pct,450,13,48,389,212880,195379.0,0,0,0,0,0,0
342593,sequential,clean,quarantine-10pct,450,26,63,361,212880,185682.5,0,0,0,0,0,0
342593,sequential,clean,quarantine+10pct,450,6,83,361,212880,190412.5,0,0,0,0,0,0
342593,sequential,clean,weight-025,450,13,76,361,212880,179770.0,0,0,0,0,0,0
342593,sequential,clean,weight-075,450,13,76,361,212880,197744.0,0,0,0,0,0,0
342593,sequential,disagreement,baseline,360,2,42,316,170310,159431.0,90,90,0,0,42570,0
342593,sequential,disagreement,down-10pct,360,2,62,296,170310,154701.0,90,90,0,0,42570,0
342593,sequential,disagreement,down+10pct,360,2,21,337,170310,164397.5,90,90,0,0,42570,0
342593,sequential,disagreement,quarantine-10pct,360,9,35,316,170310,157775.5,90,90,0,0,42570,0
342593,sequential,disagreement,quarantine+10pct,360,0,44,316,170310,159904.0,90,89,1,0,42570,236.5
342593,sequential,disagreement,weight-025,360,2,42,316,170310,154464.5,90,90,0,0,42570,0
342593,sequential,disagreement,weight-075,360,2,42,316,170310,164397.5,90,90,0,0,42570,0
343593,gated_composite,clean,baseline,450,13,69,368,212880,190412.0,0,0,0,0,0,0
343593,gated_composite,clean,down-10pct,450,13,101,336,212880,182843.5,0,0,0,0,0,0
343593,gated_composite,clean,down+10pct,450,13,53,384,212880,194196.5,0,0,0,0,0,0
343593,gated_composite,clean,quarantine-10pct,450,36,46,368,212880,184972.5,0,0,0,0,0,0
343593,gated_composite,clean,quarantine+10pct,450,5,77,368,212880,192304.0,0,0,0,0,0,0
343593,gated_composite,clean,weight-025,450,13,69,368,212880,182252.5,0,0,0,0,0,0
343593,gated_composite,clean,weight-075,450,13,69,368,212880,198571.5,0,0,0,0,0,0
343593,gated_composite,disagreement,baseline,360,2,37,321,170310,160613.5,90,90,0,0,42570,0
343593,gated_composite,disagreement,down-10pct,360,2,57,301,170310,155883.5,90,90,0,0,42570,0
343593,gated_composite,disagreement,down+10pct,360,2,19,339,170310,164870.5,90,90,0,0,42570,0
343593,gated_composite,disagreement,quarantine-10pct,360,4,35,321,170310,160140.5,90,90,0,0,42570,0
343593,gated_composite,disagreement,quarantine+10pct,360,0,39,321,170310,161086.5,90,89,1,0,42570,236.5
343593,gated_composite,disagreement,weight-025,360,2,37,321,170310,156238.25,90,90,0,0,42570,0
343593,gated_composite,disagreement,weight-075,360,2,37,321,170310,164988.75,90,90,0,0,42570,0
343593,sequential,clean,baseline,450,8,70,372,212880,192541.0,0,0,0,0,0,0
343593,sequential,clean,down-10pct,450,8,91,351,212880,187573.5,0,0,0,0,0,0
343593,sequential,clean,down+10pct,450,8,51,391,212880,197034.5,0,0,0,0,0,0
343593,sequential,clean,quarantine-10pct,450,31,47,372,212880,187101.5,0,0,0,0,0,0
343593,sequential,clean,quarantine+10pct,450,1,77,372,212880,194196.5,0,0,0,0,0,0
343593,sequential,clean,weight-025,450,8,70,372,212880,184263.5,0,0,0,0,0,0
343593,sequential,clean,weight-075,450,8,70,372,212880,200818.5,0,0,0,0,0,0
343593,sequential,disagreement,baseline,360,2,40,318,170310,159903.5,90,90,0,0,42570,0
343593,sequential,disagreement,down-10pct,360,2,62,296,170310,154700.5,90,90,0,0,42570,0
343593,sequential,disagreement,down+10pct,360,2,23,335,170310,163924.5,90,90,0,0,42570,0
343593,sequential,disagreement,quarantine-10pct,360,5,37,318,170310,159194.0,90,90,0,0,42570,0
343593,sequential,disagreement,quarantine+10pct,360,0,42,318,170310,160376.5,90,89,1,0,42570,236.5
343593,sequential,disagreement,weight-025,360,2,40,318,170310,155173.25,90,90,0,0,42570,0
343593,sequential,disagreement,weight-075,360,2,40,318,170310,164633.75,90,90,0,0,42570,0
344593,gated_composite,clean,baseline,450,11,86,353,212880,187335.5,0,0,0,0,0,0
344593,gated_composite,clean,down-10pct,450,11,132,307,212880,176452.5,0,0,0,0,0,0
344593,gated_composite,clean,down+10pct,450,11,57,382,212880,194196.0,0,0,0,0,0,0
344593,gated_composite,clean,quarantine-10pct,450,19,78,353,212880,185443.5,0,0,0,0,0,0
344593,gated_composite,clean,quarantine+10pct,450,3,94,353,212880,189227.5,0,0,0,0,0,0
344593,gated_composite,clean,weight-025,450,11,86,353,212880,177164.75,0,0,0,0,0,0
344593,gated_composite,clean,weight-075,450,11,86,353,212880,197506.25,0,0,0,0,0,0
344593,gated_composite,disagreement,baseline,360,5,63,292,170310,153042.0,90,90,0,0,42570,0
344593,gated_composite,disagreement,down-10pct,360,5,92,263,170310,146181.5,90,90,0,0,42570,0
344593,gated_composite,disagreement,down+10pct,360,5,32,323,170310,160375.5,90,90,0,0,42570,0
344593,gated_composite,disagreement,quarantine-10pct,360,11,57,292,170310,151623.0,90,90,0,0,42570,0
344593,gated_composite,disagreement,quarantine+10pct,360,0,68,292,170310,154224.5,90,90,0,0,42570,0
344593,gated_composite,disagreement,weight-025,360,5,63,292,170310,145590.5,90,90,0,0,42570,0
344593,gated_composite,disagreement,weight-075,360,5,63,292,170310,160493.5,90,90,0,0,42570,0
344593,sequential,clean,baseline,450,5,86,359,212880,190173.0,0,0,0,0,0,0
344593,sequential,clean,down-10pct,450,5,122,323,212880,181656.0,0,0,0,0,0,0
344593,sequential,clean,down+10pct,450,5,58,387,212880,196797.0,0,0,0,0,0,0
344593,sequential,clean,quarantine-10pct,450,16,75,359,212880,187571.5,0,0,0,0,0,0
344593,sequential,clean,quarantine+10pct,450,2,89,359,212880,190882.5,0,0,0,0,0,0
344593,sequential,clean,weight-025,450,5,86,359,212880,180002.0,0,0,0,0,0,0
344593,sequential,clean,weight-075,450,5,86,359,212880,200344.0,0,0,0,0,0,0
344593,sequential,disagreement,baseline,360,1,46,313,170310,158956.0,90,90,0,0,42570,0
344593,sequential,disagreement,down-10pct,360,1,73,286,170310,152569.5,90,90,0,0,42570,0
344593,sequential,disagreement,down+10pct,360,1,25,334,170310,163923.5,90,90,0,0,42570,0
344593,sequential,disagreement,quarantine-10pct,360,8,39,313,170310,157300.5,90,90,0,0,42570,0
344593,sequential,disagreement,quarantine+10pct,360,0,47,313,170310,159192.5,90,90,0,0,42570,0
344593,sequential,disagreement,weight-025,360,1,46,313,170310,153515.5,90,90,0,0,42570,0
344593,sequential,disagreement,weight-075,360,1,46,313,170310,164396.5,90,90,0,0,42570,0
345593,gated_composite,clean,baseline,450,4,63,383,212880,196088.0,0,0,0,0,0,0
345593,gated_composite,clean,down-10pct,450,4,99,347,212880,187572.5,0,0,0,0,0,0
345593,gated_composite,clean,down+10pct,450,4,36,410,212880,202473.5,0,0,0,0,0,0
345593,gated_composite,clean,quarantine-10pct,450,11,56,383,212880,194432.5,0,0,0,0,0,0
345593,gated_composite,clean,quarantine+10pct,450,1,66,383,212880,196797.5,0,0,0,0,0,0
345593,gated_composite,clean,weight-025,450,4,63,383,212880,188638.0,0,0,0,0,0,0
345593,gated_composite,clean,weight-075,450,4,63,383,212880,203538.0,0,0,0,0,0,0
345593,gated_composite,disagreement,baseline,360,0,26,334,170310,164160.5,90,90,0,0,42570,0
345593,gated_composite,disagreement,down-10pct,360,0,60,300,170310,156119.0,90,90,0,0,42570,0
345593,gated_composite,disagreement,down+10pct,360,0,17,343,170310,166289.0,90,90,0,0,42570,0
345593,gated_composite,disagreement,quarantine-10pct,360,4,22,334,170310,163214.5,90,90,0,0,42570,0
345593,gated_composite,disagreement,quarantine+10pct,360,0,26,334,170310,164160.5,90,89,1,0,42570,236.5
345593,gated_composite,disagreement,weight-025,360,0,26,334,170310,161085.75,90,90,0,0,42570,0
345593,gated_composite,disagreement,weight-075,360,0,26,334,170310,167235.25,90,90,0,0,42570,0
345593,sequential,clean,baseline,450,3,66,381,212880,195851.0,0,0,0,0,0,0
345593,sequential,clean,down-10pct,450,3,104,343,212880,186862.0,0,0,0,0,0,0
345593,sequential,clean,down+10pct,450,3,38,409,212880,202473.5,0,0,0,0,0,0
345593,sequential,clean,quarantine-10pct,450,12,57,381,212880,193722.5,0,0,0,0,0,0
345593,sequential,clean,quarantine+10pct,450,1,68,381,212880,196324.0,0,0,0,0,0,0
345593,sequential,clean,weight-025,450,3,66,381,212880,188046.0,0,0,0,0,0,0
345593,sequential,clean,weight-075,450,3,66,381,212880,203656.0,0,0,0,0,0,0
345593,sequential,disagreement,baseline,360,0,32,328,170310,162741.5,90,90,0,0,42570,0
345593,sequential,disagreement,down-10pct,360,0,62,298,170310,155645.5,90,90,0,0,42570,0
345593,sequential,disagreement,down+10pct,360,0,15,345,170310,166762.0,90,90,0,0,42570,0
345593,sequential,disagreement,quarantine-10pct,360,2,30,328,170310,162268.5,90,90,0,0,42570,0
345593,sequential,disagreement,quarantine+10pct,360,0,32,328,170310,162741.5,90,89,1,0,42570,236.5
345593,sequential,disagreement,weight-025,360,0,32,328,170310,158957.25,90,90,0,0,42570,0
345593,sequential,disagreement,weight-075,360,0,32,328,170310,166525.75,90,90,0,0,42570,0
