seed,policy,condition,round,validation_f1
341593,gated_composite,clean,1,0.34290097379146633
341593,gated_composite,clean,2,0.6020202235656392
341593,gated_composite,clean,3,0.5775934957613357
341593,gated_composite,clean,4,0.4474395174653676
341593,gated_composite,clean,5,0.44625768665632887
341593,gated_composite,clean,6,0.5810795138700219
341593,gated_composite,clean,7,0.6117498258053458
341593,gated_composite,clean,8,0.922961213580343
341593,gated_composite,clean,9,0.9212881259403788
341593,gated_composite,clean,10,0.9289666448164121
341593,gated_composite,clean,11,0.9481838085763261
341593,gated_composite,clean,12,0.949064023047923
341593,gated_composite,clean,13,0.9493766263079261
341593,gated_composite,clean,14,0.8890540716764165
341593,gated_composite,clean,15,0.8951513367387641
341593,gated_composite,clean,16,0.9236011224431007
341593,gated_composite,clean,17,0.8979555544725645
341593,gated_composite,clean,18,0.8979555544725645
341593,gated_composite,clean,19,0.8970620745986638
341593,gated_composite,clean,20,0.9567764613387201
341593,gated_composite,clean,21,0.8983175609555706
341593,gated_composite,clean,22,0.8967615431366546
341593,gated_composite,clean,23,0.8997454800542023
341593,gated_composite,clean,24,0.9001068103160121
341593,gated_composite,clean,25,0.9617189166341542
341593,gated_composite,clean,26,0.9008276767357714
341593,gated_composite,clean,27,0.9008276767357714
341593,gated_composite,clean,28,0.9019276746674699
341593,gated_composite,clean,29,0.9017615190310879
341593,gated_composite,clean,30,0.90066106820451
341593,gated_composite,disagreement,1,0.22056508506339534
341593,gated_composite,disagreement,2,0.6009356602173695
341593,gated_composite,disagreement,3,0.4617992508152026
341593,gated_composite,disagreement,4,0.4474395174653676
341593,gated_composite,disagreement,5,0.4460079156827421
341593,gated_composite,disagreement,6,0.5810795138700219
341593,gated_composite,disagreement,7,0.6207812196596468
341593,gated_composite,disagreement,8,0.9349229814661465
341593,gated_composite,disagreement,9,0.9219248922881773
341593,gated_composite,disagreement,10,0.9299018714912867
341593,gated_composite,disagreement,11,0.9478635077857449
341593,gated_composite,disagreement,12,0.884180858700355
341593,gated_composite,disagreement,13,0.8853194675588973
341593,gated_composite,disagreement,14,0.8864512448028452
341593,gated_composite,disagreement,15,0.8939944343185889
341593,gated_composite,disagreement,16,0.8895331077430205
341593,gated_composite,disagreement,17,0.894983982771763
341593,gated_composite,disagreement,18,0.8970821924434732
341593,gated_composite,disagreement,19,0.8967182464646122
341593,gated_composite,disagreement,20,0.8967182464646122
341593,gated_composite,disagreement,21,0.8970481886959055
341593,gated_composite,disagreement,22,0.8956101105880195
341593,gated_composite,disagreement,23,0.8958775012950193
341593,gated_composite,disagreement,24,0.8979933512759013
341593,gated_composite,disagreement,25,0.9354755860269138
341593,gated_composite,disagreement,26,0.8990500430187097
341593,gated_composite,disagreement,27,0.897513703131242
341593,gated_composite,disagreement,28,0.8975437641871099
341593,gated_composite,disagreement,29,0.8986178126094263
341593,gated_composite,disagreement,30,0.9001668358303242
341593,sequential,clean,1,0.34290097379146633
341593,sequential,clean,2,0.6020202235656392
341593,sequential,clean,3,0.5775934957613357
341593,sequential,clean,4,0.4474395174653676
341593,sequential,clean,5,0.44625768665632887
341593,sequential,clean,6,0.5810795138700219
341593,sequential,clean,7,0.6117498258053458
341593,sequential,clean,8,0.922961213580343
341593,sequential,clean,9,0.9212881259403788
341593,sequential,clean,10,0.9289666448164121
341593,sequential,clean,11,0.9483333731727267
341593,sequential,clean,12,0.9304847441241072
341593,sequential,clean,13,0.8876918093347382
341593,sequential,clean,14,0.887422720679547
341593,sequential,clean,15,0.887966197355225
341593,sequential,clean,16,0.8896836220085937
341593,sequential,clean,17,0.8977749382074207
341593,sequential,clean,18,0.8974454514716644
341593,sequential,clean,19,0.8970821924434732
341593,sequential,clean,20,0.8976287080492781
341593,sequential,clean,21,0.8979721931085421
341593,sequential,clean,22,0.8962674598544559
341593,sequential,clean,23,0.8992515738180549
341593,sequential,clean,24,0.8990831512710117
341593,sequential,clean,25,0.9434084595383888
341593,sequential,clean,26,0.9003306513833959
341593,sequential,clean,27,0.9001668358303242
341593,sequential,clean,28,0.8998333086874438
341593,sequential,clean,29,0.9001931354885784
341593,sequential,clean,30,0.9001668358303242
341593,sequential,disagreement,1,0.22056508506339534
341593,sequential,disagreement,2,0.6009356602173695
341593,sequential,disagreement,3,0.4617992508152026
341593,sequential,disagreement,4,0.4474395174653676
341593,sequential,disagreement,5,0.4460079156827421
341593,sequential,disagreement,6,0.5810795138700219
341593,sequential,disagreement,7,0.6207812196596468
341593,sequential,disagreement,8,0.9349229814661465
341593,sequential,disagreement,9,0.9219248922881773
341593,sequential,disagreement,10,0.9299018714912867
341593,sequential,disagreement,11,0.9480130654854643
341593,sequential,disagreement,12,0.884180858700355
341593,sequential,disagreement,13,0.8853194675588973
341593,sequential,disagreement,14,0.8864512448028452
341593,sequential,disagreement,15,0.8938298566307242
341593,sequential,disagreement,16,0.8895168789281765
341593,sequential,disagreement,17,0.8974454514716644
341593,sequential,disagreement,18,0.8970821924434732
341593,sequential,disagreement,19,0.8967182464646122
341593,sequential,disagreement,20,0.8967182464646122
341593,sequential,disagreement,21,0.8967182464646122
341593,sequential,disagreement,22,0.8956101105880195
341593,sequential,disagreement,23,0.8958775012950193
341593,sequential,disagreement,24,0.8979933512759013
341593,sequential,disagreement,25,0.8987205690998175
341593,sequential,disagreement,26,0.8998062809111649
341593,sequential,disagreement,27,0.8978730862139214
341593,sequential,disagreement,28,0.8986178126094263
341593,sequential,disagreement,29,0.8975437641871099
341593,sequential,disagreement,30,0.9001668358303242
342593,gated_composite,clean,1,0.3153687402130864
342593,gated_composite,clean,2,0.284652076318743
342593,gated_composite,clean,3,0.44941046255160105
342593,gated_composite,clean,4,0.4512704874249751
342593,gated_composite,clean,5,0.5911755107301236
342593,gated_composite,clean,6,0.5998031495626707
342593,gated_composite,clean,7,0.8786811144400444
342593,gated_composite,clean,8,0.9176228913354713
342593,gated_composite,clean,9,0.925775638986459
342593,gated_composite,clean,10,0.9235804138850936
342593,gated_composite,clean,11,0.9426636689859099
342593,gated_composite,clean,12,0.9477721205220123
342593,gated_composite,clean,13,0.9530157918278966
342593,gated_composite,clean,14,0.8874566595918089
342593,gated_composite,clean,15,0.9204403802153367
342593,gated_composite,clean,16,0.9194378369055828
342593,gated_composite,clean,17,0.9520570388565347
342593,gated_composite,clean,18,0.9555258732543335
342593,gated_composite,clean,19,0.954615861023981
342593,gated_composite,clean,20,0.8932238261218689
342593,gated_composite,clean,21,0.9555258732543335
342593,gated_composite,clean,22,0.935970666949165
342593,gated_composite,clean,23,0.8969663815306249
342593,gated_composite,clean,24,0.8957436737779395
342593,gated_composite,clean,25,0.8983947869733484
342593,gated_composite,clean,26,0.9511970873063289
342593,gated_composite,clean,27,0.9660044911811679
342593,gated_composite,clean,28,0.9663699881437063
342593,gated_composite,clean,29,0.9670988965293467
342593,gated_composite,clean,30,0.9674623155544846
342593,gated_composite,disagreement,1,0.3138447910655921
342593,gated_composite,disagreement,2,0.284652076318743
342593,gated_composite,disagreement,3,0.4491509145026955
342593,gated_composite,disagreement,4,0.45091164412003293
342593,gated_composite,disagreement,5,0.5911755107301236
342593,gated_composite,disagreement,6,0.5930533689563209
342593,gated_composite,disagreement,7,0.8798101709042494
342593,gated_composite,disagreement,8,0.924791991501699
342593,gated_composite,disagreement,9,0.925775638986459
342593,gated_composite,disagreement,10,0.9208836343175567
342593,gated_composite,disagreement,11,0.9423460274464373
342593,gated_composite,disagreement,12,0.9533001793168571
342593,gated_composite,disagreement,13,0.9156111711862698
342593,gated_composite,disagreement,14,0.8858896334146612
342593,gated_composite,disagreement,15,0.8855983248437326
342593,gated_composite,disagreement,16,0.8856786401798878
342593,gated_composite,disagreement,17,0.8864763638517886
342593,gated_composite,disagreement,18,0.9294567655510515
342593,gated_composite,disagreement,19,0.9189784891247093
342593,gated_composite,disagreement,20,0.8938480009718104
342593,gated_composite,disagreement,21,0.9555357280367026
342593,gated_composite,disagreement,22,0.8933837889520544
342593,gated_composite,disagreement,23,0.896367528758841
342593,gated_composite,disagreement,24,0.8970917849672212
342593,gated_composite,disagreement,25,0.896056242413136
342593,gated_composite,disagreement,26,0.8962096203015242
342593,gated_composite,disagreement,27,0.9322945682037851
342593,gated_composite,disagreement,28,0.9652772967055628
342593,gated_composite,disagreement,29,0.9641856406013501
342593,gated_composite,disagreement,30,0.9652772967055628
342593,sequential,clean,1,0.3153687402130864
342593,sequential,clean,2,0.284652076318743
342593,sequential,clean,3,0.44941046255160105
342593,sequential,clean,4,0.4512704874249751
342593,sequential,clean,5,0.5911755107301236
342593,sequential,clean,6,0.5998031495626707
342593,sequential,clean,7,0.8786811144400444
342593,sequential,clean,8,0.9176228913354713
342593,sequential,clean,9,0.925775638986459
342593,sequential,clean,10,0.9265220734782337
342593,sequential,clean,11,0.9432870107034251
342593,sequential,clean,12,0.9473880796489199
342593,sequential,clean,13,0.9525874615546863
342593,sequential,clean,14,0.9187171193069631
342593,sequential,clean,15,0.914395346884577
342593,sequential,clean,16,0.9452111847241849
342593,sequential,clean,17,0.9457435474433921
342593,sequential,clean,18,0.9555258732543335
342593,sequential,clean,19,0.9543854275019035
342593,sequential,clean,20,0.9292889921099371
342593,sequential,clean,21,0.9475940643431767
342593,sequential,clean,22,0.898849382301155
342593,sequential,clean,23,0.8967561689672507
342593,sequential,clean,24,0.8971196567726868
342593,sequential,clean,25,0.8971196567726868
342593,sequential,clean,26,0.9401038411951835
342593,sequential,clean,27,0.9660044911811679
342593,sequential,clean,28,0.962744572952368
342593,sequential,clean,29,0.9670988965293467
342593,sequential,clean,30,0.9375822010216602
342593,sequential,disagreement,1,0.3138447910655921
342593,sequential,disagreement,2,0.284652076318743
342593,sequential,disagreement,3,0.4491509145026955
342593,sequential,disagreement,4,0.45091164412003293
342593,sequential,disagreement,5,0.5911755107301236
342593,sequential,disagreement,6,0.5930533689563209
342593,sequential,disagreement,7,0.8798101709042494
342593,sequential,disagreement,8,0.924791991501699
342593,sequential,disagreement,9,0.925775638986459
342593,sequential,disagreement,10,0.9208836343175567
342593,sequential,disagreement,11,0.9423460274464373
342593,sequential,disagreement,12,0.9465883541133601
342593,sequential,disagreement,13,0.9114362340887063
342593,sequential,disagreement,14,0.8858896334146612
342593,sequential,disagreement,15,0.8855983248437326
342593,sequential,disagreement,16,0.9188052546599952
342593,sequential,disagreement,17,0.8857174605637214
342593,sequential,disagreement,18,0.9198883685512977
342593,sequential,disagreement,19,0.8857174605637214
342593,sequential,disagreement,20,0.8935366738038112
342593,sequential,disagreement,21,0.9306822330113785
342593,sequential,disagreement,22,0.8929584967799725
342593,sequential,disagreement,23,0.896056242413136
342593,sequential,disagreement,24,0.8949345026733712
342593,sequential,disagreement,25,0.896056242413136
342593,sequential,disagreement,26,0.8962096203015242
342593,sequential,disagreement,27,0.9250656453938156
342593,sequential,disagreement,28,0.9570913117747196
342593,sequential,disagreement,29,0.9605602338069222
342593,sequential,disagreement,30,0.9295248618957741
343593,gated_composite,clean,1,0.4393020647883119
343593,gated_composite,clean,2,0.44191403433110216
343593,gated_composite,clean,3,0.44570023905911077
343593,gated_composite,clean,4,0.45013081027031837
343593,gated_composite,clean,5,0.6166327959846635
343593,gated_composite,clean,6,0.8542173046512014
343593,gated_composite,clean,7,0.8754955026806917
343593,gated_composite,clean,8,0.9351684997620725
343593,gated_composite,clean,9,0.9324723021196387
343593,gated_composite,clean,10,0.9412861047578464
343593,gated_composite,clean,11,0.9422404096383078
343593,gated_composite,clean,12,0.942653703135279
343593,gated_composite,clean,13,0.9468604621482196
343593,gated_composite,clean,14,0.8885414264270671
343593,gated_composite,clean,15,0.8893614065457401
343593,gated_composite,clean,16,0.8896613573293058
343593,gated_composite,clean,17,0.8905665949478913
343593,gated_composite,clean,18,0.8984702657986116
343593,gated_composite,clean,19,0.9374414613973707
343593,gated_composite,clean,20,0.9005474668769281
343593,gated_composite,clean,21,0.8961788038751092
343593,gated_composite,clean,22,0.8984989533562189
343593,gated_composite,clean,23,0.8992202641010204
343593,gated_composite,clean,24,0.8995525591076184
343593,gated_composite,clean,25,0.8984989533562189
343593,gated_composite,clean,26,0.8965662104222546
343593,gated_composite,clean,27,0.9328010746697956
343593,gated_composite,clean,28,0.918127616028601
343593,gated_composite,clean,29,0.8965662104222546
343593,gated_composite,clean,30,0.896731943680582
343593,gated_composite,disagreement,1,0.43998131131331214
343593,gated_composite,disagreement,2,0.44191403433110216
343593,gated_composite,disagreement,3,0.44580833940799164
343593,gated_composite,disagreement,4,0.44991471141722456
343593,gated_composite,disagreement,5,0.5974180282958348
343593,gated_composite,disagreement,6,0.8531582895887868
343593,gated_composite,disagreement,7,0.8756314247962068
343593,gated_composite,disagreement,8,0.9357580515400944
343593,gated_composite,disagreement,9,0.9332109615532689
343593,gated_composite,disagreement,10,0.9361798630534152
343593,gated_composite,disagreement,11,0.8963233546537452
343593,gated_composite,disagreement,12,0.8830519172718873
343593,gated_composite,disagreement,13,0.8862934700936348
343593,gated_composite,disagreement,14,0.8878001273130097
343593,gated_composite,disagreement,15,0.8896234691495906
343593,gated_composite,disagreement,16,0.8892890607992063
343593,gated_composite,disagreement,17,0.8874067635009767
343593,gated_composite,disagreement,18,0.8974454514716644
343593,gated_composite,disagreement,19,0.8900453166021841
343593,gated_composite,disagreement,20,0.8966261168670466
343593,gated_composite,disagreement,21,0.898169923762369
343593,gated_composite,disagreement,22,0.898169923762369
343593,gated_composite,disagreement,23,0.8962375349010746
343593,gated_composite,disagreement,24,0.8988916933033906
343593,gated_composite,disagreement,25,0.8988916933033906
343593,gated_composite,disagreement,26,0.8960745854282287
343593,gated_composite,disagreement,27,0.9005009112845102
343593,gated_composite,disagreement,28,0.9005009112845102
343593,gated_composite,disagreement,29,0.8962375349010746
343593,gated_composite,disagreement,30,0.897513703131242
343593,sequential,clean,1,0.4393020647883119
343593,sequential,clean,2,0.44191403433110216
343593,sequential,clean,3,0.44570023905911077
343593,sequential,clean,4,0.45013081027031837
343593,sequential,clean,5,0.6118586079573661
343593,sequential,clean,6,0.8542173046512014
343593,sequential,clean,7,0.8756314247962068
343593,sequential,clean,8,0.9353157949952907
343593,sequential,clean,9,0.9329153088361887
343593,sequential,clean,10,0.9417363876354568
343593,sequential,clean,11,0.9435082388429161
343593,sequential,clean,12,0.9423724684191082
343593,sequential,clean,13,0.8939080861359976
343593,sequential,clean,14,0.8871989758552505
343593,sequential,clean,15,0.8896613573293058
343593,sequential,clean,16,0.8899615808091128
343593,sequential,clean,17,0.8907169592572545
343593,sequential,clean,18,0.8903792854941223
343593,sequential,clean,19,0.8914868109729888
343593,sequential,clean,20,0.8971192762462173
343593,sequential,clean,21,0.898169923762369
343593,sequential,clean,22,0.898169923762369
343593,sequential,clean,23,0.898169923762369
343593,sequential,clean,24,0.898169923762369
343593,sequential,clean,25,0.898169923762369
343593,sequential,clean,26,0.8988916933033906
343593,sequential,clean,27,0.8988916933033906
343593,sequential,clean,28,0.898504004346177
343593,sequential,clean,29,0.8988916933033906
343593,sequential,clean,30,0.8962375349010746
343593,sequential,disagreement,1,0.43998131131331214
343593,sequential,disagreement,2,0.44191403433110216
343593,sequential,disagreement,3,0.44580833940799164
343593,sequential,disagreement,4,0.44991471141722456
343593,sequential,disagreement,5,0.5974180282958348
343593,sequential,disagreement,6,0.8531582895887868
343593,sequential,disagreement,7,0.8756314247962068
343593,sequential,disagreement,8,0.9357580515400944
343593,sequential,disagreement,9,0.9332109615532689
343593,sequential,disagreement,10,0.9361798630534152
343593,sequential,disagreement,11,0.8881536801037528
343593,sequential,disagreement,12,0.8832019844067774
343593,sequential,disagreement,13,0.8862934700936348
343593,sequential,disagreement,14,0.8878001273130097
343593,sequential,disagreement,15,0.8894558038796235
343593,sequential,disagreement,16,0.8892890607992063
343593,sequential,disagreement,17,0.8874067635009767
343593,sequential,disagreement,18,0.8978080273259427
343593,sequential,disagreement,19,0.8885297196147489
343593,sequential,disagreement,20,0.8955168068032927
343593,sequential,disagreement,21,0.898169923762369
343593,sequential,disagreement,22,0.8980067958883867
343593,sequential,disagreement,23,0.8987287954503813
343593,sequential,disagreement,24,0.898169923762369
343593,sequential,disagreement,25,0.8987287954503813
343593,sequential,disagreement,26,0.8985668178591576
343593,sequential,disagreement,27,0.9372537569368443
343593,sequential,disagreement,28,0.8994170418159836
343593,sequential,disagreement,29,0.8987287954503813
343593,sequential,disagreement,30,0.9003380254879394
344593,gated_composite,clean,1,0.32482171060568304
344593,gated_composite,clean,2,0.2880532147124386
344593,gated_composite,clean,3,0.35056840930895183
344593,gated_composite,clean,4,0.3499096748186812
344593,gated_composite,clean,5,0.4062839977763726
344593,gated_composite,clean,6,0.8437900051142755
344593,gated_composite,clean,7,0.9491353508238292
344593,gated_composite,clean,8,0.9496655643537952
344593,gated_composite,clean,9,0.946240911380363
344593,gated_composite,clean,10,0.9443970670531784
344593,gated_composite,clean,11,0.9438400599473732
344593,gated_composite,clean,12,0.9556533062035717
344593,gated_composite,clean,13,0.9539258045534197
344593,gated_composite,clean,14,0.9601595537178728
344593,gated_composite,clean,15,0.9110864907293229
344593,gated_composite,clean,16,0.9236029817343357
344593,gated_composite,clean,17,0.928593059191165
344593,gated_composite,clean,18,0.9682591308928817
344593,gated_composite,clean,19,0.9609105648344943
344593,gated_composite,clean,20,0.9383771368739655
344593,gated_composite,clean,21,0.9689785241148519
344593,gated_composite,clean,22,0.8999104577764007
344593,gated_composite,clean,23,0.9663557353208998
344593,gated_composite,clean,24,0.9340331488335324
344593,gated_composite,clean,25,0.8999104577764007
344593,gated_composite,clean,26,0.8999104577764007
344593,gated_composite,clean,27,0.8999104577764007
344593,gated_composite,clean,28,0.9295688837214867
344593,gated_composite,clean,29,0.8977159761991157
344593,gated_composite,clean,30,0.9003687385683685
344593,gated_composite,disagreement,1,0.31403770585556806
344593,gated_composite,disagreement,2,0.2802390491329216
344593,gated_composite,disagreement,3,0.35056840930895183
344593,gated_composite,disagreement,4,0.3498079509016309
344593,gated_composite,disagreement,5,0.4067229642686008
344593,gated_composite,disagreement,6,0.7938602856393769
344593,gated_composite,disagreement,7,0.9491465125794322
344593,gated_composite,disagreement,8,0.9452875756058398
344593,gated_composite,disagreement,9,0.9457680571563577
344593,gated_composite,disagreement,10,0.9448560464336987
344593,gated_composite,disagreement,11,0.9433896921956447
344593,gated_composite,disagreement,12,0.9553537312016575
344593,gated_composite,disagreement,13,0.9559348727081088
344593,gated_composite,disagreement,14,0.9584291077386754
344593,gated_composite,disagreement,15,0.9589564365011017
344593,gated_composite,disagreement,16,0.9588068862819408
344593,gated_composite,disagreement,17,0.9593335443045321
344593,gated_composite,disagreement,18,0.9674419433181134
344593,gated_composite,disagreement,19,0.9591838887622112
344593,gated_composite,disagreement,20,0.941821913843981
344593,gated_composite,disagreement,21,0.9685210592862482
344593,gated_composite,disagreement,22,0.8994528277091813
344593,gated_composite,disagreement,23,0.9685210592862482
344593,gated_composite,disagreement,24,0.9583001240596559
344593,gated_composite,disagreement,25,0.8996052991712787
344593,gated_composite,disagreement,26,0.9315917381449577
344593,gated_composite,disagreement,27,0.9583001240596559
344593,gated_composite,disagreement,28,0.9464935603778025
344593,gated_composite,disagreement,29,0.8996052991712787
344593,gated_composite,disagreement,30,0.9007593702401238
344593,sequential,clean,1,0.32482171060568304
344593,sequential,clean,2,0.2880532147124386
344593,sequential,clean,3,0.35056840930895183
344593,sequential,clean,4,0.3499096748186812
344593,sequential,clean,5,0.4062839977763726
344593,sequential,clean,6,0.8437900051142755
344593,sequential,clean,7,0.9491353508238292
344593,sequential,clean,8,0.9496655643537952
344593,sequential,clean,9,0.946240911380363
344593,sequential,clean,10,0.9443970670531784
344593,sequential,clean,11,0.9523224650844511
344593,sequential,clean,12,0.9558031913130467
344593,sequential,clean,13,0.93018087916915
344593,sequential,clean,14,0.9601595537178728
344593,sequential,clean,15,0.8910907013759105
344593,sequential,clean,16,0.891466597136407
344593,sequential,clean,17,0.924128636573168
344593,sequential,clean,18,0.9266970032161583
344593,sequential,clean,19,0.9615119022866189
344593,sequential,clean,20,0.8999539853047839
344593,sequential,clean,21,0.9329675787901511
344593,sequential,clean,22,0.9008276767357714
344593,sequential,clean,23,0.9671193997938224
344593,sequential,clean,24,0.9239676696320328
344593,sequential,clean,25,0.8981747527224752
344593,sequential,clean,26,0.9008276767357714
344593,sequential,clean,27,0.9449996764926748
344593,sequential,clean,28,0.9425364869440349
344593,sequential,clean,29,0.8981747527224752
344593,sequential,clean,30,0.9008276767357714
344593,sequential,disagreement,1,0.31403770585556806
344593,sequential,disagreement,2,0.2802390491329216
344593,sequential,disagreement,3,0.35056840930895183
344593,sequential,disagreement,4,0.3498079509016309
344593,sequential,disagreement,5,0.4067229642686008
344593,sequential,disagreement,6,0.7938602856393769
344593,sequential,disagreement,7,0.9491465125794322
344593,sequential,disagreement,8,0.9452875756058398
344593,sequential,disagreement,9,0.9457680571563577
344593,sequential,disagreement,10,0.9450066203801827
344593,sequential,disagreement,11,0.9433896921956447
344593,sequential,disagreement,12,0.9553537312016575
344593,sequential,disagreement,13,0.9461513068875016
344593,sequential,disagreement,14,0.9584291077386754
344593,sequential,disagreement,15,0.9242904477010859
344593,sequential,disagreement,16,0.9455475367158049
344593,sequential,disagreement,17,0.9491101766836086
344593,sequential,disagreement,18,0.925117509591626
344593,sequential,disagreement,19,0.9596330496663218
344593,sequential,disagreement,20,0.8978025653588976
344593,sequential,disagreement,21,0.9469516210058094
344593,sequential,disagreement,22,0.8999104577764007
344593,sequential,disagreement,23,0.9689785241148519
344593,sequential,disagreement,24,0.9163403131217743
344593,sequential,disagreement,25,0.8999104577764007
344593,sequential,disagreement,26,0.9318969812361834
344593,sequential,disagreement,27,0.9586052336895842
344593,sequential,disagreement,28,0.9037772327674377
344593,sequential,disagreement,29,0.8997578424453391
344593,sequential,disagreement,30,0.8997578424453391
345593,gated_composite,clean,1,0.39197116959341255
345593,gated_composite,clean,2,0.585693484482154
345593,gated_composite,clean,3,0.5904003465011424
345593,gated_composite,clean,4,0.5914860684145188
345593,gated_composite,clean,5,0.625353158220379
345593,gated_composite,clean,6,0.769750228643089
345593,gated_composite,clean,7,0.8736448535543476
345593,gated_composite,clean,8,0.9272566498894963
345593,gated_composite,clean,9,0.9343014395480987
345593,gated_composite,clean,10,0.9410493698425265
345593,gated_composite,clean,11,0.9420045961110975
345593,gated_composite,clean,12,0.9312753450070531
345593,gated_composite,clean,13,0.8850475392110999
345593,gated_composite,clean,14,0.9510855034938824
345593,gated_composite,clean,15,0.8857012269508338
345593,gated_composite,clean,16,0.8927574616581686
345593,gated_composite,clean,17,0.8959209294199955
345593,gated_composite,clean,18,0.9591699971387296
345593,gated_composite,clean,19,0.8946761310359171
345593,gated_composite,clean,20,0.8946761310359171
345593,gated_composite,clean,21,0.8954079759317289
345593,gated_composite,clean,22,0.9371140378326923
345593,gated_composite,clean,23,0.8959209294199955
345593,gated_composite,clean,24,0.8959209294199955
345593,gated_composite,clean,25,0.9205213240961836
345593,gated_composite,clean,26,0.8981081458514621
345593,gated_composite,clean,27,0.9008276767357714
345593,gated_composite,clean,28,0.8986569286489603
345593,gated_composite,clean,29,0.898292738631571
345593,gated_composite,clean,30,0.8995525591076184
345593,gated_composite,disagreement,1,0.39336967036584963
345593,gated_composite,disagreement,2,0.5863450553264111
345593,gated_composite,disagreement,3,0.5907260585811626
345593,gated_composite,disagreement,4,0.5918117996166831
345593,gated_composite,disagreement,5,0.6219629708077206
345593,gated_composite,disagreement,6,0.7694059791245529
345593,gated_composite,disagreement,7,0.8671837820838828
345593,gated_composite,disagreement,8,0.9260112567458331
345593,gated_composite,disagreement,9,0.9347805526498297
345593,gated_composite,disagreement,10,0.9418314490185483
345593,gated_composite,disagreement,11,0.9486135688934775
345593,gated_composite,disagreement,12,0.9424237814968534
345593,gated_composite,disagreement,13,0.8850475392110999
345593,gated_composite,disagreement,14,0.9334278196049043
345593,gated_composite,disagreement,15,0.8854253235449527
345593,gated_composite,disagreement,16,0.8931217362599421
345593,gated_composite,disagreement,17,0.8954079759317289
345593,gated_composite,disagreement,18,0.9599017475022597
345593,gated_composite,disagreement,19,0.8954079759317289
345593,gated_composite,disagreement,20,0.8946761310359171
345593,gated_composite,disagreement,21,0.8954079759317289
345593,gated_composite,disagreement,22,0.9250233535908268
345593,gated_composite,disagreement,23,0.8979476094506657
345593,gated_composite,disagreement,24,0.8972254196524497
345593,gated_composite,disagreement,25,0.8991924687033396
345593,gated_composite,disagreement,26,0.8983076933928119
345593,gated_composite,disagreement,27,0.9329675787901511
345593,gated_composite,disagreement,28,0.8993541614782233
345593,gated_composite,disagreement,29,0.917540016918502
345593,gated_composite,disagreement,30,0.8983076933928119
345593,sequential,clean,1,0.39197116959341255
345593,sequential,clean,2,0.585693484482154
345593,sequential,clean,3,0.5904003465011424
345593,sequential,clean,4,0.5914860684145188
345593,sequential,clean,5,0.625353158220379
345593,sequential,clean,6,0.769750228643089
345593,sequential,clean,7,0.8736448535543476
345593,sequential,clean,8,0.9264253378006869
345593,sequential,clean,9,0.9343014395480987
345593,sequential,clean,10,0.9410493698425265
345593,sequential,clean,11,0.948934786464239
345593,sequential,clean,12,0.948934786464239
345593,sequential,clean,13,0.8846689954873045
345593,sequential,clean,14,0.9510855034938824
345593,sequential,clean,15,0.8857012269508338
345593,sequential,clean,16,0.8927574616581686
345593,sequential,clean,17,0.9268487980721664
345593,sequential,clean,18,0.9591699971387296
345593,sequential,clean,19,0.8946761310359171
345593,sequential,clean,20,0.8946761310359171
345593,sequential,clean,21,0.8954079759317289
345593,sequential,clean,22,0.9528576506956078
345593,sequential,clean,23,0.8959209294199955
345593,sequential,clean,24,0.8966527882593236
345593,sequential,clean,25,0.9323343738543289
345593,sequential,clean,26,0.8984702657986116
345593,sequential,clean,27,0.9008276767357714
345593,sequential,clean,28,0.8973818501970108
345593,sequential,clean,29,0.8986569286489603
345593,sequential,clean,30,0.8991924687033396
345593,sequential,disagreement,1,0.39336967036584963
345593,sequential,disagreement,2,0.5863450553264111
345593,sequential,disagreement,3,0.5907260585811626
345593,sequential,disagreement,4,0.5918117996166831
345593,sequential,disagreement,5,0.6219629708077206
345593,sequential,disagreement,6,0.7694059791245529
345593,sequential,disagreement,7,0.8671837820838828
345593,sequential,disagreement,8,0.9260112567458331
345593,sequential,disagreement,9,0.9347805526498297
345593,sequential,disagreement,10,0.9426102426524334
345593,sequential,disagreement,11,0.9486135688934775
345593,sequential,disagreement,12,0.9456108209051933
345593,sequential,disagreement,13,0.8850475392110999
345593,sequential,disagreement,14,0.9477617537820858
345593,sequential,disagreement,15,0.8860792284563428
345593,sequential,disagreement,16,0.8931217362599421
345593,sequential,disagreement,17,0.8946761310359171
345593,sequential,disagreement,18,0.9591699971387296
345593,sequential,disagreement,19,0.8954079759317289
345593,sequential,disagreement,20,0.8946761310359171
345593,sequential,disagreement,21,0.8954079759317289
345593,sequential,disagreement,22,0.9250233535908268
345593,sequential,disagreement,23,0.8979476094506657
345593,sequential,disagreement,24,0.8972254196524497
345593,sequential,disagreement,25,0.8991924687033396
345593,sequential,disagreement,26,0.8983076933928119
345593,sequential,disagreement,27,0.9352351140366331
345593,sequential,disagreement,28,0.8973818501970108
345593,sequential,disagreement,29,0.9334273005082868
345593,sequential,disagreement,30,0.8984608073019243
