seed,policy,condition,selected_round,test_f1,validation_f1,safe_total,safe_quarantined,safe_downweighted,unsafe_total,unsafe_quarantined,unsafe_retained
341593,gated_composite,clean,25,0.9354670336662904,0.9617189166341542,450,6,75,0,0,0
341593,gated_composite,disagreement,11,0.9245538255799056,0.9478635077857449,360,2,24,90,90,0
341593,sequential,clean,11,0.9225672285470168,0.9483333731727267,450,4,0,0,0,0
341593,sequential,disagreement,11,0.9224306784752164,0.9480130654854643,360,2,0,90,90,0
342593,gated_composite,clean,30,0.9624881755526044,0.9674623155544846,450,15,73,0,0,0
342593,gated_composite,disagreement,28,0.9620892157831923,0.9652772967055628,360,3,46,90,90,0
342593,sequential,clean,29,0.9622230025220349,0.9670988965293467,450,13,0,0,0,0
342593,sequential,disagreement,29,0.9441291024889041,0.9605602338069222,360,2,0,90,90,0
343593,gated_composite,clean,13,0.9188388681060778,0.9468604621482196,450,13,69,0,0,0
343593,gated_composite,disagreement,10,0.9154436368474584,0.9361798630534152,360,2,37,90,90,0
343593,sequential,clean,11,0.9214536387204078,0.9435082388429161,450,8,0,0,0,0
343593,sequential,disagreement,27,0.9215412739879927,0.9372537569368443,360,2,0,90,90,0
344593,gated_composite,clean,21,0.9625249474568522,0.9689785241148519,450,11,86,0,0,0
344593,gated_composite,disagreement,21,0.9593861130065292,0.9685210592862482,360,5,63,90,90,0
344593,sequential,clean,23,0.9585397343974796,0.9671193997938224,450,5,0,0,0,0
344593,sequential,disagreement,23,0.9625249474568522,0.9689785241148519,360,1,0,90,90,0
345593,gated_composite,clean,18,0.9321057121038964,0.9591699971387296,450,4,63,0,0,0
345593,gated_composite,disagreement,18,0.9337897317228419,0.9599017475022597,360,0,26,90,90,0
345593,sequential,clean,18,0.9317294066958489,0.9591699971387296,450,3,0,0,0,0
345593,sequential,disagreement,18,0.9332300800428467,0.9591699971387296,360,0,0,90,90,0
