query,kind,feasible,targeted_asr,targeted_loss,validation_macro_f1,validation_drop
0,clean_control,True,0.0,1.7911711931228638,0.34290097379146633,0.0
1,fixed_signflip_control,False,0.0,1.7904154062271118,0.34290097379146633,0.0
2,adaptive,True,0.0,1.7534295320510864,0.2198425393189233,0.12305843447254303
3,adaptive,True,0.0,1.7534090280532837,0.2198425393189233,0.12305843447254303
4,adaptive,True,0.0,1.753403902053833,0.2198425393189233,0.12305843447254303
5,adaptive,True,0.0,1.7534027099609375,0.2198425393189233,0.12305843447254303
6,adaptive,True,0.0,1.7534023523330688,0.2198425393189233,0.12305843447254303
7,adaptive,True,0.0,1.7534023523330688,0.2198425393189233,0.12305843447254303
8,adaptive,True,0.0,1.7534021139144897,0.2198425393189233,0.12305843447254303
9,adaptive,True,0.0,1.7534023523330688,0.2198425393189233,0.12305843447254303
10,adaptive,True,0.0,1.7534023523330688,0.2198425393189233,0.12305843447254303
11,adaptive,True,0.0,1.7534023523330688,0.2198425393189233,0.12305843447254303
12,adaptive,True,0.0,1.7534023523330688,0.2198425393189233,0.12305843447254303
13,adaptive,True,0.0,1.7534023523330688,0.2198425393189233,0.12305843447254303
14,adaptive,True,0.0,1.7534023523330688,0.2198425393189233,0.12305843447254303
15,adaptive,True,0.0,1.7534021139144897,0.2198425393189233,0.12305843447254303
16,adaptive,True,0.0,1.7534021139144897,0.2198425393189233,0.12305843447254303
17,adaptive,True,0.0,1.7534021139144897,0.2198425393189233,0.12305843447254303
18,adaptive,True,0.0,1.7534295320510864,0.2198425393189233,0.12305843447254303
19,adaptive,True,0.06705539673566818,1.7369741201400757,0.21520376191055668,0.12769721188090966
20,adaptive,True,0.06705539673566818,1.7369474172592163,0.21520376191055668,0.12769721188090966
21,adaptive,True,0.06705539673566818,1.7369399070739746,0.21520376191055668,0.12769721188090966
22,adaptive,True,0.06705539673566818,1.736937403678894,0.21520376191055668,0.12769721188090966
23,adaptive,True,0.06705539673566818,1.7369366884231567,0.21520376191055668,0.12769721188090966
24,adaptive,True,0.06705539673566818,1.7369366884231567,0.21520376191055668,0.12769721188090966
25,adaptive,True,0.06705539673566818,1.7369359731674194,0.21520376191055668,0.12769721188090966
26,adaptive,True,0.06705539673566818,1.736936330795288,0.21520376191055668,0.12769721188090966
27,adaptive,True,0.06705539673566818,1.7369356155395508,0.21520376191055668,0.12769721188090966
28,adaptive,True,0.06705539673566818,1.736936330795288,0.21520376191055668,0.12769721188090966
29,adaptive,True,0.06705539673566818,1.7369358539581299,0.21520376191055668,0.12769721188090966
30,adaptive,True,0.06705539673566818,1.7369356155395508,0.21520376191055668,0.12769721188090966
31,adaptive,True,0.06705539673566818,1.7369356155395508,0.21520376191055668,0.12769721188090966
32,adaptive,True,0.06705539673566818,1.7369356155395508,0.21520376191055668,0.12769721188090966
33,adaptive,True,0.06705539673566818,1.7369356155395508,0.21520376191055668,0.12769721188090966
34,adaptive,True,0.0,1.7534295320510864,0.2198425393189233,0.12305843447254303
35,adaptive,True,0.020408162847161293,1.7436329126358032,0.21835679832387442,0.12454417546759192
36,adaptive,True,0.08454810827970505,1.7106600999832153,0.21380455469629667,0.12909641909516967
37,adaptive,True,0.08454810827970505,1.7064144611358643,0.21374388130910374,0.1291570924823626
38,adaptive,True,0.08454810827970505,1.7062984704971313,0.21374388130910374,0.1291570924823626
39,adaptive,True,0.08454810827970505,1.7062456607818604,0.21374388130910374,0.1291570924823626
40,adaptive,True,0.08454810827970505,1.7062255144119263,0.21374388130910374,0.1291570924823626
41,adaptive,True,0.08454810827970505,1.7062183618545532,0.2137741871728415,0.12912678661862484
42,adaptive,True,0.08454810827970505,1.7062162160873413,0.2137741871728415,0.12912678661862484
43,adaptive,True,0.08454810827970505,1.7062164545059204,0.2137741871728415,0.12912678661862484
44,adaptive,True,0.08454810827970505,1.7062164545059204,0.2137741871728415,0.12912678661862484
45,adaptive,True,0.08454810827970505,1.7062160968780518,0.2137741871728415,0.12912678661862484
46,adaptive,True,0.08454810827970505,1.7062158584594727,0.2137741871728415,0.12912678661862484
47,adaptive,True,0.08454810827970505,1.706215739250183,0.2137741871728415,0.12912678661862484
48,adaptive,True,0.08454810827970505,1.706215739250183,0.2137741871728415,0.12912678661862484
49,adaptive,True,0.08454810827970505,1.706215739250183,0.2137741871728415,0.12912678661862484
50,adaptive,True,0.0,1.7534295320510864,0.2198425393189233,0.12305843447254303
51,adaptive,True,0.020408162847161293,1.7436329126358032,0.21835679832387442,0.12454417546759192
52,adaptive,True,0.08454810827970505,1.7106600999832153,0.21380455469629667,0.12909641909516967
53,adaptive,True,0.46355685591697693,1.6687570810317993,0.17913822835984952,0.1637627454316168
54,adaptive,True,1.0,1.6203982830047607,0.10324801032480103,0.23965296346666531
55,adaptive,True,1.0,1.61947762966156,0.10331467929401635,0.23958629449745
56,adaptive,True,1.0,1.61894953250885,0.10338143441740254,0.23951953937406378
57,adaptive,True,1.0,1.6185725927352905,0.10371650821089023,0.2391844655805761
58,adaptive,True,1.0,1.6183918714523315,0.10421189752496744,0.23868907626649888
59,adaptive,True,1.0,1.6176162958145142,0.10459795162344737,0.23830302216801896
60,adaptive,True,1.0,1.6168946027755737,0.10568031704095111,0.23722065675051524
61,adaptive,True,1.0,1.6165707111358643,0.1073345259391771,0.23556644785228925
62,adaptive,True,0.9941691160202026,1.616405963897705,0.10910841219497519,0.23379256159649114
63,adaptive,True,0.9941691160202026,1.6164121627807617,0.10897602762755727,0.23392494616390908
64,adaptive,True,0.9941691160202026,1.6164377927780151,0.10875689402055311,0.23414407977091323
65,adaptive,True,1.0,1.6164741516113281,0.10745466756212223,0.2354463062293441
