query,kind,parent_query,radius,step,feasible,contributor_count,targeted_asr,targeted_loss,validation_macro_f1,validation_drop
0,clean_control,,,,True,15,0.0,4.988360404968262,0.9481838085763261,0.0
1,fixed_signflip_control,,,,False,12,0.0,4.963049411773682,0.9481838085763261,0.0
2,adaptive,0,0.25,0.25,True,15,0.0,4.563783168792725,0.9491252696796146,-0.0009414611032885212
3,adaptive,2,0.25,0.25,True,15,0.0,4.563269138336182,0.9491252696796146,-0.0009414611032885212
4,adaptive,3,0.25,0.25,True,15,0.0,4.563140869140625,0.9491252696796146,-0.0009414611032885212
5,adaptive,4,0.25,0.25,True,15,0.0,4.563108921051025,0.9491252696796146,-0.0009414611032885212
6,adaptive,5,0.25,0.25,True,15,0.0,4.563101291656494,0.9491252696796146,-0.0009414611032885212
7,adaptive,6,0.25,0.25,True,15,0.0,4.563099384307861,0.9491252696796146,-0.0009414611032885212
8,adaptive,7,0.25,0.25,True,15,0.0,4.563098430633545,0.9491252696796146,-0.0009414611032885212
9,adaptive,8,0.25,0.25,True,15,0.0,4.563098907470703,0.9491252696796146,-0.0009414611032885212
10,adaptive,8,0.25,0.125,True,15,0.0,4.563098430633545,0.9491252696796146,-0.0009414611032885212
11,adaptive,8,0.25,0.0625,True,15,0.0,4.563098430633545,0.9491252696796146,-0.0009414611032885212
12,adaptive,8,0.25,0.03125,True,15,0.0,4.563098907470703,0.9491252696796146,-0.0009414611032885212
13,adaptive,8,0.25,0.015625,True,15,0.0,4.563098907470703,0.9491252696796146,-0.0009414611032885212
14,adaptive,8,0.25,0.0078125,True,15,0.0,4.563098907470703,0.9491252696796146,-0.0009414611032885212
15,adaptive,8,0.25,0.00390625,True,15,0.0,4.563098907470703,0.9491252696796146,-0.0009414611032885212
16,adaptive,8,0.25,0.001953125,True,15,0.0,4.563098907470703,0.9491252696796146,-0.0009414611032885212
17,adaptive,8,0.25,0.0009765625,True,15,0.0,4.563098430633545,0.9491252696796146,-0.0009414611032885212
18,adaptive,0,0.5,0.25,True,15,0.0,4.563783168792725,0.9491252696796146,-0.0009414611032885212
19,adaptive,18,0.5,0.3125,True,15,0.0,4.37520694732666,0.9379891709503004,0.010194637626025682
20,adaptive,19,0.5,0.390625,True,15,0.0,4.373571872711182,0.9379891709503004,0.010194637626025682
21,adaptive,20,0.5,0.48828125,True,15,0.0,4.3729567527771,0.9379891709503004,0.010194637626025682
22,adaptive,21,0.5,0.5,True,15,0.0,4.372782230377197,0.9379891709503004,0.010194637626025682
23,adaptive,22,0.5,0.5,True,15,0.0,4.372735500335693,0.9379891709503004,0.010194637626025682
24,adaptive,23,0.5,0.5,True,15,0.0,4.3727240562438965,0.9379891709503004,0.010194637626025682
25,adaptive,24,0.5,0.5,True,15,0.0,4.372718811035156,0.9379891709503004,0.010194637626025682
26,adaptive,25,0.5,0.5,True,15,0.0,4.372718811035156,0.9379891709503004,0.010194637626025682
27,adaptive,25,0.5,0.25,True,15,0.0,4.372717380523682,0.9379891709503004,0.010194637626025682
28,adaptive,27,0.5,0.3125,True,15,0.0,4.372718811035156,0.9379891709503004,0.010194637626025682
29,adaptive,27,0.5,0.15625,True,15,0.0,4.372718334197998,0.9379891709503004,0.010194637626025682
30,adaptive,27,0.5,0.078125,True,15,0.0,4.37271785736084,0.9379891709503004,0.010194637626025682
31,adaptive,27,0.5,0.0390625,True,15,0.0,4.37271785736084,0.9379891709503004,0.010194637626025682
32,adaptive,27,0.5,0.01953125,True,15,0.0,4.372717380523682,0.9379891709503004,0.010194637626025682
33,adaptive,27,0.5,0.009765625,True,15,0.0,4.372716903686523,0.9379891709503004,0.010194637626025682
34,adaptive,0,1.0,0.25,True,15,0.0,4.563783168792725,0.9491252696796146,-0.0009414611032885212
35,adaptive,34,1.0,0.3125,True,15,0.0,4.29937219619751,0.9379891709503004,0.010194637626025682
36,adaptive,35,1.0,0.390625,False,12,0.0,4.970091819763184,0.9481838085763261,0.0
37,adaptive,35,1.0,0.1953125,False,14,0.0,4.49232816696167,0.9391448136246647,0.009038994951661383
38,adaptive,35,1.0,0.09765625,True,15,0.0,4.354030609130859,0.9379891709503004,0.010194637626025682
39,adaptive,35,1.0,0.048828125,True,15,0.0,4.400322914123535,0.9391448136246647,0.009038994951661383
40,adaptive,35,1.0,0.0244140625,True,15,0.0,4.423471927642822,0.9391448136246647,0.009038994951661383
41,adaptive,35,1.0,0.01220703125,True,15,0.0,4.435056209564209,0.9391448136246647,0.009038994951661383
42,adaptive,35,1.0,0.006103515625,True,15,0.0,4.440850734710693,0.9391448136246647,0.009038994951661383
43,adaptive,35,1.0,0.0030517578125,True,15,0.0,4.443748474121094,0.9391448136246647,0.009038994951661383
44,adaptive,35,1.0,0.00152587890625,True,15,0.0,4.297509670257568,0.9379891709503004,0.010194637626025682
45,adaptive,44,1.0,0.0019073486328125,True,15,0.0,4.443386554718018,0.9391448136246647,0.009038994951661383
46,adaptive,44,1.0,0.00095367431640625,True,15,0.0,4.4442925453186035,0.9391448136246647,0.009038994951661383
47,adaptive,44,1.0,0.000476837158203125,True,15,0.0,4.296928405761719,0.9379891709503004,0.010194637626025682
48,adaptive,47,1.0,0.0005960464477539062,True,15,0.0,4.444179058074951,0.9391448136246647,0.009038994951661383
49,adaptive,47,1.0,0.0002980232238769531,True,15,0.0,4.444461345672607,0.9391448136246647,0.009038994951661383
50,adaptive,0,2.0,0.25,True,15,0.0,4.563783168792725,0.9491252696796146,-0.0009414611032885212
51,adaptive,50,2.0,0.3125,True,15,0.0,4.29937219619751,0.9379891709503004,0.010194637626025682
52,adaptive,51,2.0,0.390625,False,12,0.0,4.970091819763184,0.9481838085763261,0.0
53,adaptive,51,2.0,0.1953125,False,14,0.0,4.49232816696167,0.9391448136246647,0.009038994951661383
54,adaptive,51,2.0,0.09765625,True,15,0.0,4.354030609130859,0.9379891709503004,0.010194637626025682
55,adaptive,51,2.0,0.048828125,True,15,0.0,4.400322914123535,0.9391448136246647,0.009038994951661383
56,adaptive,51,2.0,0.0244140625,True,15,0.0,4.423471927642822,0.9391448136246647,0.009038994951661383
57,adaptive,51,2.0,0.01220703125,True,15,0.0,4.435056209564209,0.9391448136246647,0.009038994951661383
58,adaptive,51,2.0,0.006103515625,True,15,0.0,4.440850734710693,0.9391448136246647,0.009038994951661383
59,adaptive,51,2.0,0.0030517578125,True,15,0.0,4.443748474121094,0.9391448136246647,0.009038994951661383
60,adaptive,51,2.0,0.00152587890625,True,15,0.0,4.297509670257568,0.9379891709503004,0.010194637626025682
61,adaptive,60,2.0,0.0019073486328125,True,15,0.0,4.443386554718018,0.9391448136246647,0.009038994951661383
62,adaptive,60,2.0,0.00095367431640625,True,15,0.0,4.4442925453186035,0.9391448136246647,0.009038994951661383
63,adaptive,60,2.0,0.000476837158203125,True,15,0.0,4.296928405761719,0.9379891709503004,0.010194637626025682
64,adaptive,63,2.0,0.0005960464477539062,True,15,0.0,4.444179058074951,0.9391448136246647,0.009038994951661383
65,adaptive,63,2.0,0.0002980232238769531,True,15,0.0,4.444461345672607,0.9391448136246647,0.009038994951661383
