arm,policy,round,client_id,status,effective_weight
gated_clean,gated_composite,1,client01,accepted,474
gated_clean,gated_composite,1,client02,accepted,473
gated_clean,gated_composite,1,client03,accepted,473
gated_clean,gated_composite,1,client04,accepted,473
gated_clean,gated_composite,1,client05,accepted,473
gated_clean,gated_composite,1,client06,accepted,473
gated_clean,gated_composite,1,client07,accepted,473
gated_clean,gated_composite,1,client08,accepted,473
gated_clean,gated_composite,1,client09,accepted,473
gated_clean,gated_composite,1,client10,accepted,473
gated_clean,gated_composite,1,client11,accepted,473
gated_clean,gated_composite,1,client12,accepted,473
gated_clean,gated_composite,1,client13,accepted,473
gated_clean,gated_composite,1,client14,accepted,473
gated_clean,gated_composite,1,client15,accepted,473
gated_clean,gated_composite,2,client01,accepted,474
gated_clean,gated_composite,2,client02,accepted,473
gated_clean,gated_composite,2,client03,accepted,473
gated_clean,gated_composite,2,client04,accepted,473
gated_clean,gated_composite,2,client05,accepted,473
gated_clean,gated_composite,2,client06,accepted,473
gated_clean,gated_composite,2,client07,accepted,473
gated_clean,gated_composite,2,client08,accepted,473
gated_clean,gated_composite,2,client09,accepted,473
gated_clean,gated_composite,2,client10,accepted,473
gated_clean,gated_composite,2,client11,accepted,473
gated_clean,gated_composite,2,client12,accepted,473
gated_clean,gated_composite,2,client13,accepted,473
gated_clean,gated_composite,2,client14,accepted,473
gated_clean,gated_composite,2,client15,accepted,473
gated_clean,gated_composite,3,client01,accepted,474
gated_clean,gated_composite,3,client02,accepted,473
gated_clean,gated_composite,3,client03,accepted,473
gated_clean,gated_composite,3,client04,accepted,473
gated_clean,gated_composite,3,client05,accepted,473
gated_clean,gated_composite,3,client06,accepted,473
gated_clean,gated_composite,3,client07,accepted,473
gated_clean,gated_composite,3,client08,accepted,473
gated_clean,gated_composite,3,client09,accepted,473
gated_clean,gated_composite,3,client10,accepted,473
gated_clean,gated_composite,3,client11,accepted,473
gated_clean,gated_composite,3,client12,accepted,473
gated_clean,gated_composite,3,client13,accepted,473
gated_clean,gated_composite,3,client14,accepted,473
gated_clean,gated_composite,3,client15,accepted,473
gated_clean,gated_composite,4,client01,accepted,474
gated_clean,gated_composite,4,client02,accepted,473
gated_clean,gated_composite,4,client03,accepted,473
gated_clean,gated_composite,4,client04,accepted,473
gated_clean,gated_composite,4,client05,accepted,473
gated_clean,gated_composite,4,client06,accepted,473
gated_clean,gated_composite,4,client07,accepted,473
gated_clean,gated_composite,4,client08,accepted,473
gated_clean,gated_composite,4,client09,accepted,473
gated_clean,gated_composite,4,client10,accepted,473
gated_clean,gated_composite,4,client11,accepted,473
gated_clean,gated_composite,4,client12,accepted,473
gated_clean,gated_composite,4,client13,accepted,473
gated_clean,gated_composite,4,client14,accepted,473
gated_clean,gated_composite,4,client15,accepted,473
gated_clean,gated_composite,5,client01,accepted,474
gated_clean,gated_composite,5,client02,accepted,473
gated_clean,gated_composite,5,client03,accepted,473
gated_clean,gated_composite,5,client04,accepted,473
gated_clean,gated_composite,5,client05,accepted,473
gated_clean,gated_composite,5,client06,accepted,473
gated_clean,gated_composite,5,client07,accepted,473
gated_clean,gated_composite,5,client08,accepted,473
gated_clean,gated_composite,5,client09,accepted,473
gated_clean,gated_composite,5,client10,accepted,473
gated_clean,gated_composite,5,client11,accepted,473
gated_clean,gated_composite,5,client12,accepted,473
gated_clean,gated_composite,5,client13,accepted,473
gated_clean,gated_composite,5,client14,accepted,473
gated_clean,gated_composite,5,client15,accepted,473
gated_clean,gated_composite,6,client01,accepted,474
gated_clean,gated_composite,6,client02,accepted,473
gated_clean,gated_composite,6,client03,accepted,473
gated_clean,gated_composite,6,client04,accepted,473
gated_clean,gated_composite,6,client05,accepted,473
gated_clean,gated_composite,6,client06,accepted,473
gated_clean,gated_composite,6,client07,accepted,473
gated_clean,gated_composite,6,client08,accepted,473
gated_clean,gated_composite,6,client09,accepted,473
gated_clean,gated_composite,6,client10,accepted,473
gated_clean,gated_composite,6,client11,accepted,473
gated_clean,gated_composite,6,client12,accepted,473
gated_clean,gated_composite,6,client13,accepted,473
gated_clean,gated_composite,6,client14,accepted,473
gated_clean,gated_composite,6,client15,accepted,473
gated_clean,gated_composite,7,client01,accepted,474
gated_clean,gated_composite,7,client02,accepted,473
gated_clean,gated_composite,7,client03,accepted,473
gated_clean,gated_composite,7,client04,accepted,473
gated_clean,gated_composite,7,client05,accepted,473
gated_clean,gated_composite,7,client06,accepted,473
gated_clean,gated_composite,7,client07,accepted,473
gated_clean,gated_composite,7,client08,accepted,473
gated_clean,gated_composite,7,client09,accepted,473
gated_clean,gated_composite,7,client10,accepted,473
gated_clean,gated_composite,7,client11,accepted,473
gated_clean,gated_composite,7,client12,accepted,473
gated_clean,gated_composite,7,client13,accepted,473
gated_clean,gated_composite,7,client14,accepted,473
gated_clean,gated_composite,7,client15,accepted,473
gated_clean,gated_composite,8,client01,accepted,474
gated_clean,gated_composite,8,client02,accepted,473
gated_clean,gated_composite,8,client03,accepted,473
gated_clean,gated_composite,8,client04,accepted,473
gated_clean,gated_composite,8,client05,accepted,473
gated_clean,gated_composite,8,client06,accepted,473
gated_clean,gated_composite,8,client07,accepted,473
gated_clean,gated_composite,8,client08,accepted,473
gated_clean,gated_composite,8,client09,accepted,473
gated_clean,gated_composite,8,client10,accepted,473
gated_clean,gated_composite,8,client11,accepted,473
gated_clean,gated_composite,8,client12,accepted,473
gated_clean,gated_composite,8,client13,accepted,473
gated_clean,gated_composite,8,client14,accepted,473
gated_clean,gated_composite,8,client15,accepted,473
gated_clean,gated_composite,9,client01,accepted,474
gated_clean,gated_composite,9,client02,accepted,473
gated_clean,gated_composite,9,client03,accepted,473
gated_clean,gated_composite,9,client04,accepted,473
gated_clean,gated_composite,9,client05,accepted_downweighted,236.5
gated_clean,gated_composite,9,client06,accepted,473
gated_clean,gated_composite,9,client07,accepted,473
gated_clean,gated_composite,9,client08,accepted,473
gated_clean,gated_composite,9,client09,accepted,473
gated_clean,gated_composite,9,client10,accepted,473
gated_clean,gated_composite,9,client11,accepted,473
gated_clean,gated_composite,9,client12,accepted,473
gated_clean,gated_composite,9,client13,accepted,473
gated_clean,gated_composite,9,client14,accepted,473
gated_clean,gated_composite,9,client15,accepted,473
gated_clean,gated_composite,10,client01,accepted,474
gated_clean,gated_composite,10,client02,accepted,473
gated_clean,gated_composite,10,client03,accepted,473
gated_clean,gated_composite,10,client04,accepted,473
gated_clean,gated_composite,10,client05,accepted_downweighted,236.5
gated_clean,gated_composite,10,client06,accepted,473
gated_clean,gated_composite,10,client07,accepted_downweighted,236.5
gated_clean,gated_composite,10,client08,accepted,473
gated_clean,gated_composite,10,client09,accepted,473
gated_clean,gated_composite,10,client10,accepted,473
gated_clean,gated_composite,10,client11,accepted,473
gated_clean,gated_composite,10,client12,accepted,473
gated_clean,gated_composite,10,client13,accepted,473
gated_clean,gated_composite,10,client14,accepted_downweighted,236.5
gated_clean,gated_composite,10,client15,accepted,473
gated_clean,gated_composite,11,client01,accepted,474
gated_clean,gated_composite,11,client02,accepted,473
gated_clean,gated_composite,11,client03,accepted_downweighted,236.5
gated_clean,gated_composite,11,client04,accepted,473
gated_clean,gated_composite,11,client05,accepted_downweighted,236.5
gated_clean,gated_composite,11,client06,accepted,473
gated_clean,gated_composite,11,client07,accepted,473
gated_clean,gated_composite,11,client08,accepted,473
gated_clean,gated_composite,11,client09,accepted,473
gated_clean,gated_composite,11,client10,accepted,473
gated_clean,gated_composite,11,client11,accepted_downweighted,236.5
gated_clean,gated_composite,11,client12,accepted,473
gated_clean,gated_composite,11,client13,accepted,473
gated_clean,gated_composite,11,client14,accepted,473
gated_clean,gated_composite,11,client15,accepted_downweighted,236.5
gated_clean,gated_composite,12,client01,accepted,474
gated_clean,gated_composite,12,client02,accepted,473
gated_clean,gated_composite,12,client03,accepted,473
gated_clean,gated_composite,12,client04,accepted,473
gated_clean,gated_composite,12,client05,accepted_downweighted,236.5
gated_clean,gated_composite,12,client06,accepted,473
gated_clean,gated_composite,12,client07,accepted,473
gated_clean,gated_composite,12,client08,accepted,473
gated_clean,gated_composite,12,client09,accepted,473
gated_clean,gated_composite,12,client10,accepted,473
gated_clean,gated_composite,12,client11,accepted_downweighted,236.5
gated_clean,gated_composite,12,client12,accepted,473
gated_clean,gated_composite,12,client13,accepted,473
gated_clean,gated_composite,12,client14,accepted,473
gated_clean,gated_composite,12,client15,accepted,473
gated_clean,gated_composite,13,client01,accepted,474
gated_clean,gated_composite,13,client02,accepted,473
gated_clean,gated_composite,13,client03,accepted_downweighted,236.5
gated_clean,gated_composite,13,client04,accepted,473
gated_clean,gated_composite,13,client05,accepted_downweighted,236.5
gated_clean,gated_composite,13,client06,accepted,473
gated_clean,gated_composite,13,client07,accepted,473
gated_clean,gated_composite,13,client08,accepted,473
gated_clean,gated_composite,13,client09,accepted,473
gated_clean,gated_composite,13,client10,accepted,473
gated_clean,gated_composite,13,client11,accepted_downweighted,236.5
gated_clean,gated_composite,13,client12,accepted,473
gated_clean,gated_composite,13,client13,accepted,473
gated_clean,gated_composite,13,client14,accepted,473
gated_clean,gated_composite,13,client15,accepted,473
gated_clean,gated_composite,14,client01,accepted,474
gated_clean,gated_composite,14,client02,accepted_downweighted,236.5
gated_clean,gated_composite,14,client03,accepted,473
gated_clean,gated_composite,14,client04,accepted,473
gated_clean,gated_composite,14,client05,accepted,473
gated_clean,gated_composite,14,client06,accepted,473
gated_clean,gated_composite,14,client07,accepted,473
gated_clean,gated_composite,14,client08,accepted,473
gated_clean,gated_composite,14,client09,accepted,473
gated_clean,gated_composite,14,client10,accepted,473
gated_clean,gated_composite,14,client11,accepted,473
gated_clean,gated_composite,14,client12,accepted_downweighted,236.5
gated_clean,gated_composite,14,client13,accepted,473
gated_clean,gated_composite,14,client14,statistically_quarantined,0
gated_clean,gated_composite,14,client15,accepted,473
gated_clean,gated_composite,15,client01,accepted,474
gated_clean,gated_composite,15,client02,accepted,473
gated_clean,gated_composite,15,client03,accepted,473
gated_clean,gated_composite,15,client04,accepted,473
gated_clean,gated_composite,15,client05,accepted,473
gated_clean,gated_composite,15,client06,accepted,473
gated_clean,gated_composite,15,client07,accepted,473
gated_clean,gated_composite,15,client08,accepted,473
gated_clean,gated_composite,15,client09,accepted_downweighted,236.5
gated_clean,gated_composite,15,client10,accepted,473
gated_clean,gated_composite,15,client11,accepted,473
gated_clean,gated_composite,15,client12,accepted,473
gated_clean,gated_composite,15,client13,accepted,473
gated_clean,gated_composite,15,client14,accepted,473
gated_clean,gated_composite,15,client15,accepted,473
gated_clean,gated_composite,16,client01,accepted,474
gated_clean,gated_composite,16,client02,accepted_downweighted,236.5
gated_clean,gated_composite,16,client03,accepted,473
gated_clean,gated_composite,16,client04,accepted,473
gated_clean,gated_composite,16,client05,accepted_downweighted,236.5
gated_clean,gated_composite,16,client06,accepted,473
gated_clean,gated_composite,16,client07,accepted,473
gated_clean,gated_composite,16,client08,accepted,473
gated_clean,gated_composite,16,client09,accepted,473
gated_clean,gated_composite,16,client10,accepted,473
gated_clean,gated_composite,16,client11,accepted_downweighted,236.5
gated_clean,gated_composite,16,client12,accepted,473
gated_clean,gated_composite,16,client13,accepted_downweighted,236.5
gated_clean,gated_composite,16,client14,accepted_downweighted,236.5
gated_clean,gated_composite,16,client15,accepted,473
gated_clean,gated_composite,17,client01,accepted,474
gated_clean,gated_composite,17,client02,accepted_downweighted,236.5
gated_clean,gated_composite,17,client03,accepted,473
gated_clean,gated_composite,17,client04,accepted,473
gated_clean,gated_composite,17,client05,accepted_downweighted,236.5
gated_clean,gated_composite,17,client06,statistically_quarantined,0
gated_clean,gated_composite,17,client07,accepted,473
gated_clean,gated_composite,17,client08,accepted,473
gated_clean,gated_composite,17,client09,accepted,473
gated_clean,gated_composite,17,client10,accepted,473
gated_clean,gated_composite,17,client11,accepted,473
gated_clean,gated_composite,17,client12,accepted,473
gated_clean,gated_composite,17,client13,accepted,473
gated_clean,gated_composite,17,client14,accepted_downweighted,236.5
gated_clean,gated_composite,17,client15,accepted_downweighted,236.5
gated_clean,gated_composite,18,client01,accepted,474
gated_clean,gated_composite,18,client02,accepted,473
gated_clean,gated_composite,18,client03,accepted,473
gated_clean,gated_composite,18,client04,accepted_downweighted,236.5
gated_clean,gated_composite,18,client05,statistically_quarantined,0
gated_clean,gated_composite,18,client06,accepted,473
gated_clean,gated_composite,18,client07,accepted,473
gated_clean,gated_composite,18,client08,accepted,473
gated_clean,gated_composite,18,client09,accepted,473
gated_clean,gated_composite,18,client10,accepted,473
gated_clean,gated_composite,18,client11,accepted,473
gated_clean,gated_composite,18,client12,accepted,473
gated_clean,gated_composite,18,client13,accepted,473
gated_clean,gated_composite,18,client14,accepted_downweighted,236.5
gated_clean,gated_composite,18,client15,statistically_quarantined,0
gated_clean,gated_composite,19,client01,accepted,474
gated_clean,gated_composite,19,client02,accepted_downweighted,236.5
gated_clean,gated_composite,19,client03,accepted,473
gated_clean,gated_composite,19,client04,accepted_downweighted,236.5
gated_clean,gated_composite,19,client05,statistically_quarantined,0
gated_clean,gated_composite,19,client06,statistically_quarantined,0
gated_clean,gated_composite,19,client07,accepted,473
gated_clean,gated_composite,19,client08,accepted,473
gated_clean,gated_composite,19,client09,accepted,473
gated_clean,gated_composite,19,client10,accepted,473
gated_clean,gated_composite,19,client11,accepted_downweighted,236.5
gated_clean,gated_composite,19,client12,accepted,473
gated_clean,gated_composite,19,client13,accepted,473
gated_clean,gated_composite,19,client14,accepted,473
gated_clean,gated_composite,19,client15,accepted_downweighted,236.5
gated_clean,gated_composite,20,client01,accepted,474
gated_clean,gated_composite,20,client02,accepted_downweighted,236.5
gated_clean,gated_composite,20,client03,accepted,473
gated_clean,gated_composite,20,client04,accepted,473
gated_clean,gated_composite,20,client05,statistically_quarantined,0
gated_clean,gated_composite,20,client06,accepted,473
gated_clean,gated_composite,20,client07,accepted_downweighted,236.5
gated_clean,gated_composite,20,client08,accepted,473
gated_clean,gated_composite,20,client09,accepted,473
gated_clean,gated_composite,20,client10,accepted,473
gated_clean,gated_composite,20,client11,accepted_downweighted,236.5
gated_clean,gated_composite,20,client12,accepted,473
gated_clean,gated_composite,20,client13,accepted,473
gated_clean,gated_composite,20,client14,accepted,473
gated_clean,gated_composite,20,client15,accepted_downweighted,236.5
gated_clean,gated_composite,21,client01,accepted,474
gated_clean,gated_composite,21,client02,accepted,473
gated_clean,gated_composite,21,client03,accepted,473
gated_clean,gated_composite,21,client04,accepted,473
gated_clean,gated_composite,21,client05,accepted,473
gated_clean,gated_composite,21,client06,accepted,473
gated_clean,gated_composite,21,client07,accepted_downweighted,236.5
gated_clean,gated_composite,21,client08,accepted,473
gated_clean,gated_composite,21,client09,accepted,473
gated_clean,gated_composite,21,client10,accepted,473
gated_clean,gated_composite,21,client11,accepted,473
gated_clean,gated_composite,21,client12,accepted,473
gated_clean,gated_composite,21,client13,accepted,473
gated_clean,gated_composite,21,client14,accepted,473
gated_clean,gated_composite,21,client15,accepted_downweighted,236.5
gated_clean,gated_composite,22,client01,accepted,474
gated_clean,gated_composite,22,client02,accepted,473
gated_clean,gated_composite,22,client03,accepted,473
gated_clean,gated_composite,22,client04,accepted_downweighted,236.5
gated_clean,gated_composite,22,client05,accepted_downweighted,236.5
gated_clean,gated_composite,22,client06,accepted,473
gated_clean,gated_composite,22,client07,accepted,473
gated_clean,gated_composite,22,client08,accepted,473
gated_clean,gated_composite,22,client09,accepted,473
gated_clean,gated_composite,22,client10,accepted,473
gated_clean,gated_composite,22,client11,accepted_downweighted,236.5
gated_clean,gated_composite,22,client12,accepted,473
gated_clean,gated_composite,22,client13,accepted,473
gated_clean,gated_composite,22,client14,statistically_quarantined,0
gated_clean,gated_composite,22,client15,accepted_downweighted,236.5
gated_clean,gated_composite,23,client01,accepted,474
gated_clean,gated_composite,23,client02,accepted_downweighted,236.5
gated_clean,gated_composite,23,client03,accepted,473
gated_clean,gated_composite,23,client04,accepted,473
gated_clean,gated_composite,23,client05,accepted,473
gated_clean,gated_composite,23,client06,accepted,473
gated_clean,gated_composite,23,client07,accepted_downweighted,236.5
gated_clean,gated_composite,23,client08,accepted,473
gated_clean,gated_composite,23,client09,accepted,473
gated_clean,gated_composite,23,client10,accepted,473
gated_clean,gated_composite,23,client11,accepted_downweighted,236.5
gated_clean,gated_composite,23,client12,accepted,473
gated_clean,gated_composite,23,client13,accepted_downweighted,236.5
gated_clean,gated_composite,23,client14,accepted_downweighted,236.5
gated_clean,gated_composite,23,client15,accepted_downweighted,236.5
gated_clean,gated_composite,24,client01,accepted,474
gated_clean,gated_composite,24,client02,accepted,473
gated_clean,gated_composite,24,client03,accepted,473
gated_clean,gated_composite,24,client04,accepted,473
gated_clean,gated_composite,24,client05,accepted,473
gated_clean,gated_composite,24,client06,accepted,473
gated_clean,gated_composite,24,client07,accepted,473
gated_clean,gated_composite,24,client08,accepted,473
gated_clean,gated_composite,24,client09,accepted,473
gated_clean,gated_composite,24,client10,accepted,473
gated_clean,gated_composite,24,client11,accepted,473
gated_clean,gated_composite,24,client12,accepted,473
gated_clean,gated_composite,24,client13,accepted,473
gated_clean,gated_composite,24,client14,accepted_downweighted,236.5
gated_clean,gated_composite,24,client15,accepted,473
gated_clean,gated_composite,25,client01,accepted,474
gated_clean,gated_composite,25,client02,accepted,473
gated_clean,gated_composite,25,client03,accepted,473
gated_clean,gated_composite,25,client04,accepted,473
gated_clean,gated_composite,25,client05,accepted,473
gated_clean,gated_composite,25,client06,accepted,473
gated_clean,gated_composite,25,client07,accepted,473
gated_clean,gated_composite,25,client08,accepted,473
gated_clean,gated_composite,25,client09,accepted,473
gated_clean,gated_composite,25,client10,accepted,473
gated_clean,gated_composite,25,client11,accepted_downweighted,236.5
gated_clean,gated_composite,25,client12,accepted,473
gated_clean,gated_composite,25,client13,accepted,473
gated_clean,gated_composite,25,client14,accepted,473
gated_clean,gated_composite,25,client15,accepted_downweighted,236.5
gated_clean,gated_composite,26,client01,accepted,474
gated_clean,gated_composite,26,client02,accepted,473
gated_clean,gated_composite,26,client03,accepted,473
gated_clean,gated_composite,26,client04,accepted,473
gated_clean,gated_composite,26,client05,accepted,473
gated_clean,gated_composite,26,client06,accepted,473
gated_clean,gated_composite,26,client07,accepted,473
gated_clean,gated_composite,26,client08,accepted,473
gated_clean,gated_composite,26,client09,accepted,473
gated_clean,gated_composite,26,client10,accepted,473
gated_clean,gated_composite,26,client11,accepted_downweighted,236.5
gated_clean,gated_composite,26,client12,accepted,473
gated_clean,gated_composite,26,client13,accepted,473
gated_clean,gated_composite,26,client14,accepted,473
gated_clean,gated_composite,26,client15,accepted,473
gated_clean,gated_composite,27,client01,accepted,474
gated_clean,gated_composite,27,client02,accepted_downweighted,236.5
gated_clean,gated_composite,27,client03,accepted,473
gated_clean,gated_composite,27,client04,accepted,473
gated_clean,gated_composite,27,client05,accepted,473
gated_clean,gated_composite,27,client06,accepted_downweighted,236.5
gated_clean,gated_composite,27,client07,accepted,473
gated_clean,gated_composite,27,client08,accepted,473
gated_clean,gated_composite,27,client09,accepted,473
gated_clean,gated_composite,27,client10,accepted,473
gated_clean,gated_composite,27,client11,statistically_quarantined,0
gated_clean,gated_composite,27,client12,accepted,473
gated_clean,gated_composite,27,client13,accepted,473
gated_clean,gated_composite,27,client14,statistically_quarantined,0
gated_clean,gated_composite,27,client15,accepted,473
gated_clean,gated_composite,28,client01,accepted,474
gated_clean,gated_composite,28,client02,accepted_downweighted,236.5
gated_clean,gated_composite,28,client03,accepted,473
gated_clean,gated_composite,28,client04,accepted_downweighted,236.5
gated_clean,gated_composite,28,client05,accepted_downweighted,236.5
gated_clean,gated_composite,28,client06,accepted_downweighted,236.5
gated_clean,gated_composite,28,client07,accepted,473
gated_clean,gated_composite,28,client08,accepted,473
gated_clean,gated_composite,28,client09,accepted,473
gated_clean,gated_composite,28,client10,accepted,473
gated_clean,gated_composite,28,client11,accepted_downweighted,236.5
gated_clean,gated_composite,28,client12,accepted,473
gated_clean,gated_composite,28,client13,accepted,473
gated_clean,gated_composite,28,client14,statistically_quarantined,0
gated_clean,gated_composite,28,client15,accepted_downweighted,236.5
gated_clean,gated_composite,29,client01,accepted,474
gated_clean,gated_composite,29,client02,accepted_downweighted,236.5
gated_clean,gated_composite,29,client03,accepted,473
gated_clean,gated_composite,29,client04,accepted_downweighted,236.5
gated_clean,gated_composite,29,client05,accepted_downweighted,236.5
gated_clean,gated_composite,29,client06,statistically_quarantined,0
gated_clean,gated_composite,29,client07,accepted,473
gated_clean,gated_composite,29,client08,accepted,473
gated_clean,gated_composite,29,client09,accepted,473
gated_clean,gated_composite,29,client10,accepted,473
gated_clean,gated_composite,29,client11,statistically_quarantined,0
gated_clean,gated_composite,29,client12,accepted,473
gated_clean,gated_composite,29,client13,accepted,473
gated_clean,gated_composite,29,client14,accepted_downweighted,236.5
gated_clean,gated_composite,29,client15,accepted_downweighted,236.5
gated_clean,gated_composite,30,client01,accepted,474
gated_clean,gated_composite,30,client02,accepted_downweighted,236.5
gated_clean,gated_composite,30,client03,accepted,473
gated_clean,gated_composite,30,client04,accepted_downweighted,236.5
gated_clean,gated_composite,30,client05,accepted_downweighted,236.5
gated_clean,gated_composite,30,client06,accepted_downweighted,236.5
gated_clean,gated_composite,30,client07,accepted,473
gated_clean,gated_composite,30,client08,accepted,473
gated_clean,gated_composite,30,client09,accepted,473
gated_clean,gated_composite,30,client10,accepted_downweighted,236.5
gated_clean,gated_composite,30,client11,statistically_quarantined,0
gated_clean,gated_composite,30,client12,accepted,473
gated_clean,gated_composite,30,client13,accepted,473
gated_clean,gated_composite,30,client14,statistically_quarantined,0
gated_clean,gated_composite,30,client15,accepted_downweighted,236.5
gated_adaptive,gated_composite,1,client01,accepted,474
gated_adaptive,gated_composite,1,client02,accepted,473
gated_adaptive,gated_composite,1,client03,accepted,473
gated_adaptive,gated_composite,1,client04,accepted,473
gated_adaptive,gated_composite,1,client05,accepted,473
gated_adaptive,gated_composite,1,client06,accepted,473
gated_adaptive,gated_composite,1,client07,accepted,473
gated_adaptive,gated_composite,1,client08,accepted,473
gated_adaptive,gated_composite,1,client09,accepted,473
gated_adaptive,gated_composite,1,client10,accepted,473
gated_adaptive,gated_composite,1,client11,accepted,473
gated_adaptive,gated_composite,1,client12,accepted,473
gated_adaptive,gated_composite,1,client13,accepted,473
gated_adaptive,gated_composite,1,client14,accepted,473
gated_adaptive,gated_composite,1,client15,accepted,473
gated_adaptive,gated_composite,2,client01,accepted,474
gated_adaptive,gated_composite,2,client02,accepted,473
gated_adaptive,gated_composite,2,client03,accepted,473
gated_adaptive,gated_composite,2,client04,accepted,473
gated_adaptive,gated_composite,2,client05,accepted,473
gated_adaptive,gated_composite,2,client06,accepted,473
gated_adaptive,gated_composite,2,client07,accepted,473
gated_adaptive,gated_composite,2,client08,accepted,473
gated_adaptive,gated_composite,2,client09,accepted,473
gated_adaptive,gated_composite,2,client10,accepted,473
gated_adaptive,gated_composite,2,client11,accepted,473
gated_adaptive,gated_composite,2,client12,accepted,473
gated_adaptive,gated_composite,2,client13,accepted,473
gated_adaptive,gated_composite,2,client14,accepted,473
gated_adaptive,gated_composite,2,client15,accepted,473
gated_adaptive,gated_composite,3,client01,accepted,474
gated_adaptive,gated_composite,3,client02,accepted,473
gated_adaptive,gated_composite,3,client03,accepted,473
gated_adaptive,gated_composite,3,client04,accepted,473
gated_adaptive,gated_composite,3,client05,accepted,473
gated_adaptive,gated_composite,3,client06,accepted,473
gated_adaptive,gated_composite,3,client07,accepted,473
gated_adaptive,gated_composite,3,client08,accepted,473
gated_adaptive,gated_composite,3,client09,accepted,473
gated_adaptive,gated_composite,3,client10,accepted,473
gated_adaptive,gated_composite,3,client11,accepted,473
gated_adaptive,gated_composite,3,client12,accepted,473
gated_adaptive,gated_composite,3,client13,accepted,473
gated_adaptive,gated_composite,3,client14,accepted,473
gated_adaptive,gated_composite,3,client15,accepted,473
gated_adaptive,gated_composite,4,client01,accepted,474
gated_adaptive,gated_composite,4,client02,accepted,473
gated_adaptive,gated_composite,4,client03,accepted,473
gated_adaptive,gated_composite,4,client04,accepted,473
gated_adaptive,gated_composite,4,client05,accepted,473
gated_adaptive,gated_composite,4,client06,accepted,473
gated_adaptive,gated_composite,4,client07,accepted,473
gated_adaptive,gated_composite,4,client08,accepted,473
gated_adaptive,gated_composite,4,client09,accepted,473
gated_adaptive,gated_composite,4,client10,accepted,473
gated_adaptive,gated_composite,4,client11,accepted,473
gated_adaptive,gated_composite,4,client12,accepted,473
gated_adaptive,gated_composite,4,client13,accepted,473
gated_adaptive,gated_composite,4,client14,accepted,473
gated_adaptive,gated_composite,4,client15,accepted,473
gated_adaptive,gated_composite,5,client01,accepted,474
gated_adaptive,gated_composite,5,client02,accepted,473
gated_adaptive,gated_composite,5,client03,accepted,473
gated_adaptive,gated_composite,5,client04,accepted,473
gated_adaptive,gated_composite,5,client05,accepted,473
gated_adaptive,gated_composite,5,client06,accepted,473
gated_adaptive,gated_composite,5,client07,accepted,473
gated_adaptive,gated_composite,5,client08,accepted,473
gated_adaptive,gated_composite,5,client09,accepted,473
gated_adaptive,gated_composite,5,client10,accepted,473
gated_adaptive,gated_composite,5,client11,accepted,473
gated_adaptive,gated_composite,5,client12,accepted,473
gated_adaptive,gated_composite,5,client13,accepted,473
gated_adaptive,gated_composite,5,client14,accepted,473
gated_adaptive,gated_composite,5,client15,accepted,473
gated_adaptive,gated_composite,6,client01,accepted,474
gated_adaptive,gated_composite,6,client02,accepted,473
gated_adaptive,gated_composite,6,client03,accepted,473
gated_adaptive,gated_composite,6,client04,accepted,473
gated_adaptive,gated_composite,6,client05,accepted,473
gated_adaptive,gated_composite,6,client06,accepted,473
gated_adaptive,gated_composite,6,client07,accepted,473
gated_adaptive,gated_composite,6,client08,accepted,473
gated_adaptive,gated_composite,6,client09,accepted,473
gated_adaptive,gated_composite,6,client10,accepted,473
gated_adaptive,gated_composite,6,client11,accepted,473
gated_adaptive,gated_composite,6,client12,accepted,473
gated_adaptive,gated_composite,6,client13,accepted,473
gated_adaptive,gated_composite,6,client14,accepted,473
gated_adaptive,gated_composite,6,client15,accepted,473
gated_adaptive,gated_composite,7,client01,accepted,474
gated_adaptive,gated_composite,7,client02,accepted,473
gated_adaptive,gated_composite,7,client03,accepted,473
gated_adaptive,gated_composite,7,client04,accepted,473
gated_adaptive,gated_composite,7,client05,accepted,473
gated_adaptive,gated_composite,7,client06,accepted,473
gated_adaptive,gated_composite,7,client07,accepted,473
gated_adaptive,gated_composite,7,client08,accepted,473
gated_adaptive,gated_composite,7,client09,accepted,473
gated_adaptive,gated_composite,7,client10,accepted,473
gated_adaptive,gated_composite,7,client11,accepted,473
gated_adaptive,gated_composite,7,client12,accepted,473
gated_adaptive,gated_composite,7,client13,accepted,473
gated_adaptive,gated_composite,7,client14,accepted,473
gated_adaptive,gated_composite,7,client15,accepted,473
gated_adaptive,gated_composite,8,client01,accepted,474
gated_adaptive,gated_composite,8,client02,accepted,473
gated_adaptive,gated_composite,8,client03,accepted,473
gated_adaptive,gated_composite,8,client04,accepted,473
gated_adaptive,gated_composite,8,client05,accepted,473
gated_adaptive,gated_composite,8,client06,accepted,473
gated_adaptive,gated_composite,8,client07,accepted,473
gated_adaptive,gated_composite,8,client08,accepted,473
gated_adaptive,gated_composite,8,client09,accepted,473
gated_adaptive,gated_composite,8,client10,accepted,473
gated_adaptive,gated_composite,8,client11,accepted,473
gated_adaptive,gated_composite,8,client12,accepted,473
gated_adaptive,gated_composite,8,client13,accepted,473
gated_adaptive,gated_composite,8,client14,accepted,473
gated_adaptive,gated_composite,8,client15,accepted,473
gated_adaptive,gated_composite,9,client01,accepted,474
gated_adaptive,gated_composite,9,client02,accepted,473
gated_adaptive,gated_composite,9,client03,accepted,473
gated_adaptive,gated_composite,9,client04,accepted,473
gated_adaptive,gated_composite,9,client05,accepted_downweighted,236.5
gated_adaptive,gated_composite,9,client06,accepted,473
gated_adaptive,gated_composite,9,client07,accepted,473
gated_adaptive,gated_composite,9,client08,accepted,473
gated_adaptive,gated_composite,9,client09,accepted,473
gated_adaptive,gated_composite,9,client10,accepted,473
gated_adaptive,gated_composite,9,client11,accepted,473
gated_adaptive,gated_composite,9,client12,accepted,473
gated_adaptive,gated_composite,9,client13,accepted,473
gated_adaptive,gated_composite,9,client14,accepted,473
gated_adaptive,gated_composite,9,client15,accepted,473
gated_adaptive,gated_composite,10,client01,accepted,474
gated_adaptive,gated_composite,10,client02,accepted,473
gated_adaptive,gated_composite,10,client03,accepted,473
gated_adaptive,gated_composite,10,client04,accepted,473
gated_adaptive,gated_composite,10,client05,accepted_downweighted,236.5
gated_adaptive,gated_composite,10,client06,accepted,473
gated_adaptive,gated_composite,10,client07,accepted_downweighted,236.5
gated_adaptive,gated_composite,10,client08,accepted,473
gated_adaptive,gated_composite,10,client09,accepted,473
gated_adaptive,gated_composite,10,client10,accepted,473
gated_adaptive,gated_composite,10,client11,accepted,473
gated_adaptive,gated_composite,10,client12,accepted,473
gated_adaptive,gated_composite,10,client13,accepted,473
gated_adaptive,gated_composite,10,client14,accepted_downweighted,236.5
gated_adaptive,gated_composite,10,client15,accepted,473
gated_adaptive,gated_composite,11,client01,accepted,474
gated_adaptive,gated_composite,11,client02,accepted_downweighted,236.5
gated_adaptive,gated_composite,11,client03,accepted_downweighted,236.5
gated_adaptive,gated_composite,11,client04,accepted,473
gated_adaptive,gated_composite,11,client05,accepted_downweighted,236.5
gated_adaptive,gated_composite,11,client06,accepted,473
gated_adaptive,gated_composite,11,client07,accepted,473
gated_adaptive,gated_composite,11,client08,accepted,473
gated_adaptive,gated_composite,11,client09,accepted,473
gated_adaptive,gated_composite,11,client10,accepted,473
gated_adaptive,gated_composite,11,client11,accepted_downweighted,236.5
gated_adaptive,gated_composite,11,client12,accepted,473
gated_adaptive,gated_composite,11,client13,accepted,473
gated_adaptive,gated_composite,11,client14,accepted_downweighted,236.5
gated_adaptive,gated_composite,11,client15,accepted_downweighted,236.5
gated_adaptive,gated_composite,12,client01,accepted,474
gated_adaptive,gated_composite,12,client02,accepted_downweighted,236.5
gated_adaptive,gated_composite,12,client03,accepted,473
gated_adaptive,gated_composite,12,client04,accepted,473
gated_adaptive,gated_composite,12,client05,accepted_downweighted,236.5
gated_adaptive,gated_composite,12,client06,accepted,473
gated_adaptive,gated_composite,12,client07,accepted,473
gated_adaptive,gated_composite,12,client08,accepted,473
gated_adaptive,gated_composite,12,client09,accepted,473
gated_adaptive,gated_composite,12,client10,accepted,473
gated_adaptive,gated_composite,12,client11,accepted_downweighted,236.5
gated_adaptive,gated_composite,12,client12,accepted,473
gated_adaptive,gated_composite,12,client13,accepted,473
gated_adaptive,gated_composite,12,client14,accepted_downweighted,236.5
gated_adaptive,gated_composite,12,client15,accepted,473
gated_adaptive,gated_composite,13,client01,accepted,474
gated_adaptive,gated_composite,13,client02,accepted_downweighted,236.5
gated_adaptive,gated_composite,13,client03,accepted_downweighted,236.5
gated_adaptive,gated_composite,13,client04,accepted,473
gated_adaptive,gated_composite,13,client05,accepted_downweighted,236.5
gated_adaptive,gated_composite,13,client06,accepted,473
gated_adaptive,gated_composite,13,client07,accepted,473
gated_adaptive,gated_composite,13,client08,accepted,473
gated_adaptive,gated_composite,13,client09,accepted,473
gated_adaptive,gated_composite,13,client10,accepted,473
gated_adaptive,gated_composite,13,client11,accepted_downweighted,236.5
gated_adaptive,gated_composite,13,client12,accepted,473
gated_adaptive,gated_composite,13,client13,accepted,473
gated_adaptive,gated_composite,13,client14,accepted_downweighted,236.5
gated_adaptive,gated_composite,13,client15,accepted,473
gated_adaptive,gated_composite,14,client01,accepted,474
gated_adaptive,gated_composite,14,client02,accepted_downweighted,236.5
gated_adaptive,gated_composite,14,client03,accepted,473
gated_adaptive,gated_composite,14,client04,accepted,473
gated_adaptive,gated_composite,14,client05,accepted,473
gated_adaptive,gated_composite,14,client06,accepted,473
gated_adaptive,gated_composite,14,client07,accepted,473
gated_adaptive,gated_composite,14,client08,accepted,473
gated_adaptive,gated_composite,14,client09,accepted,473
gated_adaptive,gated_composite,14,client10,accepted,473
gated_adaptive,gated_composite,14,client11,accepted,473
gated_adaptive,gated_composite,14,client12,accepted,473
gated_adaptive,gated_composite,14,client13,accepted,473
gated_adaptive,gated_composite,14,client14,accepted_downweighted,236.5
gated_adaptive,gated_composite,14,client15,accepted,473
gated_adaptive,gated_composite,15,client01,accepted,474
gated_adaptive,gated_composite,15,client02,accepted,473
gated_adaptive,gated_composite,15,client03,accepted,473
gated_adaptive,gated_composite,15,client04,accepted,473
gated_adaptive,gated_composite,15,client05,accepted_downweighted,236.5
gated_adaptive,gated_composite,15,client06,accepted,473
gated_adaptive,gated_composite,15,client07,accepted,473
gated_adaptive,gated_composite,15,client08,accepted,473
gated_adaptive,gated_composite,15,client09,accepted_downweighted,236.5
gated_adaptive,gated_composite,15,client10,accepted,473
gated_adaptive,gated_composite,15,client11,accepted,473
gated_adaptive,gated_composite,15,client12,accepted,473
gated_adaptive,gated_composite,15,client13,accepted,473
gated_adaptive,gated_composite,15,client14,accepted_downweighted,236.5
gated_adaptive,gated_composite,15,client15,accepted,473
gated_adaptive,gated_composite,16,client01,accepted,474
gated_adaptive,gated_composite,16,client02,accepted_downweighted,236.5
gated_adaptive,gated_composite,16,client03,accepted,473
gated_adaptive,gated_composite,16,client04,accepted,473
gated_adaptive,gated_composite,16,client05,accepted,473
gated_adaptive,gated_composite,16,client06,accepted,473
gated_adaptive,gated_composite,16,client07,accepted,473
gated_adaptive,gated_composite,16,client08,accepted,473
gated_adaptive,gated_composite,16,client09,accepted,473
gated_adaptive,gated_composite,16,client10,accepted,473
gated_adaptive,gated_composite,16,client11,accepted,473
gated_adaptive,gated_composite,16,client12,accepted,473
gated_adaptive,gated_composite,16,client13,accepted,473
gated_adaptive,gated_composite,16,client14,accepted_downweighted,236.5
gated_adaptive,gated_composite,16,client15,accepted,473
gated_adaptive,gated_composite,17,client01,accepted,474
gated_adaptive,gated_composite,17,client02,accepted_downweighted,236.5
gated_adaptive,gated_composite,17,client03,accepted,473
gated_adaptive,gated_composite,17,client04,accepted,473
gated_adaptive,gated_composite,17,client05,accepted_downweighted,236.5
gated_adaptive,gated_composite,17,client06,accepted_downweighted,236.5
gated_adaptive,gated_composite,17,client07,accepted,473
gated_adaptive,gated_composite,17,client08,accepted,473
gated_adaptive,gated_composite,17,client09,accepted,473
gated_adaptive,gated_composite,17,client10,accepted,473
gated_adaptive,gated_composite,17,client11,accepted,473
gated_adaptive,gated_composite,17,client12,accepted,473
gated_adaptive,gated_composite,17,client13,accepted,473
gated_adaptive,gated_composite,17,client14,accepted_downweighted,236.5
gated_adaptive,gated_composite,17,client15,accepted_downweighted,236.5
gated_adaptive,gated_composite,18,client01,accepted,474
gated_adaptive,gated_composite,18,client02,accepted_downweighted,236.5
gated_adaptive,gated_composite,18,client03,accepted,473
gated_adaptive,gated_composite,18,client04,accepted_downweighted,236.5
gated_adaptive,gated_composite,18,client05,statistically_quarantined,0
gated_adaptive,gated_composite,18,client06,accepted,473
gated_adaptive,gated_composite,18,client07,accepted,473
gated_adaptive,gated_composite,18,client08,accepted,473
gated_adaptive,gated_composite,18,client09,accepted,473
gated_adaptive,gated_composite,18,client10,accepted,473
gated_adaptive,gated_composite,18,client11,accepted_downweighted,236.5
gated_adaptive,gated_composite,18,client12,accepted,473
gated_adaptive,gated_composite,18,client13,accepted,473
gated_adaptive,gated_composite,18,client14,accepted_downweighted,236.5
gated_adaptive,gated_composite,18,client15,accepted_downweighted,236.5
gated_adaptive,gated_composite,19,client01,accepted,474
gated_adaptive,gated_composite,19,client02,accepted_downweighted,236.5
gated_adaptive,gated_composite,19,client03,accepted,473
gated_adaptive,gated_composite,19,client04,accepted_downweighted,236.5
gated_adaptive,gated_composite,19,client05,statistically_quarantined,0
gated_adaptive,gated_composite,19,client06,accepted_downweighted,236.5
gated_adaptive,gated_composite,19,client07,accepted,473
gated_adaptive,gated_composite,19,client08,accepted,473
gated_adaptive,gated_composite,19,client09,accepted,473
gated_adaptive,gated_composite,19,client10,accepted,473
gated_adaptive,gated_composite,19,client11,accepted_downweighted,236.5
gated_adaptive,gated_composite,19,client12,accepted,473
gated_adaptive,gated_composite,19,client13,accepted,473
gated_adaptive,gated_composite,19,client14,accepted,473
gated_adaptive,gated_composite,19,client15,accepted_downweighted,236.5
gated_adaptive,gated_composite,20,client01,accepted,474
gated_adaptive,gated_composite,20,client02,accepted_downweighted,236.5
gated_adaptive,gated_composite,20,client03,accepted,473
gated_adaptive,gated_composite,20,client04,accepted,473
gated_adaptive,gated_composite,20,client05,statistically_quarantined,0
gated_adaptive,gated_composite,20,client06,accepted,473
gated_adaptive,gated_composite,20,client07,accepted_downweighted,236.5
gated_adaptive,gated_composite,20,client08,accepted,473
gated_adaptive,gated_composite,20,client09,accepted,473
gated_adaptive,gated_composite,20,client10,accepted,473
gated_adaptive,gated_composite,20,client11,accepted_downweighted,236.5
gated_adaptive,gated_composite,20,client12,accepted,473
gated_adaptive,gated_composite,20,client13,accepted,473
gated_adaptive,gated_composite,20,client14,accepted,473
gated_adaptive,gated_composite,20,client15,accepted_downweighted,236.5
gated_adaptive,gated_composite,21,client01,accepted,474
gated_adaptive,gated_composite,21,client02,accepted,473
gated_adaptive,gated_composite,21,client03,accepted,473
gated_adaptive,gated_composite,21,client04,accepted,473
gated_adaptive,gated_composite,21,client05,accepted_downweighted,236.5
gated_adaptive,gated_composite,21,client06,accepted,473
gated_adaptive,gated_composite,21,client07,accepted_downweighted,236.5
gated_adaptive,gated_composite,21,client08,accepted,473
gated_adaptive,gated_composite,21,client09,accepted,473
gated_adaptive,gated_composite,21,client10,accepted,473
gated_adaptive,gated_composite,21,client11,accepted,473
gated_adaptive,gated_composite,21,client12,accepted,473
gated_adaptive,gated_composite,21,client13,accepted,473
gated_adaptive,gated_composite,21,client14,accepted,473
gated_adaptive,gated_composite,21,client15,accepted_downweighted,236.5
gated_adaptive,gated_composite,22,client01,accepted,474
gated_adaptive,gated_composite,22,client02,accepted_downweighted,236.5
gated_adaptive,gated_composite,22,client03,accepted,473
gated_adaptive,gated_composite,22,client04,accepted_downweighted,236.5
gated_adaptive,gated_composite,22,client05,accepted_downweighted,236.5
gated_adaptive,gated_composite,22,client06,accepted,473
gated_adaptive,gated_composite,22,client07,accepted,473
gated_adaptive,gated_composite,22,client08,accepted,473
gated_adaptive,gated_composite,22,client09,accepted,473
gated_adaptive,gated_composite,22,client10,accepted,473
gated_adaptive,gated_composite,22,client11,accepted_downweighted,236.5
gated_adaptive,gated_composite,22,client12,accepted,473
gated_adaptive,gated_composite,22,client13,accepted,473
gated_adaptive,gated_composite,22,client14,accepted_downweighted,236.5
gated_adaptive,gated_composite,22,client15,accepted_downweighted,236.5
gated_adaptive,gated_composite,23,client01,accepted,474
gated_adaptive,gated_composite,23,client02,accepted_downweighted,236.5
gated_adaptive,gated_composite,23,client03,accepted,473
gated_adaptive,gated_composite,23,client04,accepted,473
gated_adaptive,gated_composite,23,client05,accepted_downweighted,236.5
gated_adaptive,gated_composite,23,client06,accepted_downweighted,236.5
gated_adaptive,gated_composite,23,client07,accepted,473
gated_adaptive,gated_composite,23,client08,accepted,473
gated_adaptive,gated_composite,23,client09,accepted_downweighted,236.5
gated_adaptive,gated_composite,23,client10,accepted,473
gated_adaptive,gated_composite,23,client11,accepted_downweighted,236.5
gated_adaptive,gated_composite,23,client12,accepted,473
gated_adaptive,gated_composite,23,client13,accepted_downweighted,236.5
gated_adaptive,gated_composite,23,client14,statistically_quarantined,0
gated_adaptive,gated_composite,23,client15,accepted_downweighted,236.5
gated_adaptive,gated_composite,24,client01,accepted,474
gated_adaptive,gated_composite,24,client02,accepted,473
gated_adaptive,gated_composite,24,client03,accepted,473
gated_adaptive,gated_composite,24,client04,accepted,473
gated_adaptive,gated_composite,24,client05,accepted_downweighted,236.5
gated_adaptive,gated_composite,24,client06,accepted_downweighted,236.5
gated_adaptive,gated_composite,24,client07,accepted,473
gated_adaptive,gated_composite,24,client08,accepted,473
gated_adaptive,gated_composite,24,client09,accepted,473
gated_adaptive,gated_composite,24,client10,accepted,473
gated_adaptive,gated_composite,24,client11,accepted_downweighted,236.5
gated_adaptive,gated_composite,24,client12,accepted,473
gated_adaptive,gated_composite,24,client13,accepted,473
gated_adaptive,gated_composite,24,client14,accepted_downweighted,236.5
gated_adaptive,gated_composite,24,client15,accepted,473
gated_adaptive,gated_composite,25,client01,accepted,474
gated_adaptive,gated_composite,25,client02,accepted,473
gated_adaptive,gated_composite,25,client03,accepted,473
gated_adaptive,gated_composite,25,client04,accepted,473
gated_adaptive,gated_composite,25,client05,accepted_downweighted,236.5
gated_adaptive,gated_composite,25,client06,accepted,473
gated_adaptive,gated_composite,25,client07,accepted,473
gated_adaptive,gated_composite,25,client08,accepted,473
gated_adaptive,gated_composite,25,client09,accepted,473
gated_adaptive,gated_composite,25,client10,accepted,473
gated_adaptive,gated_composite,25,client11,accepted_downweighted,236.5
gated_adaptive,gated_composite,25,client12,accepted,473
gated_adaptive,gated_composite,25,client13,accepted,473
gated_adaptive,gated_composite,25,client14,accepted_downweighted,236.5
gated_adaptive,gated_composite,25,client15,accepted,473
gated_adaptive,gated_composite,26,client01,accepted,474
gated_adaptive,gated_composite,26,client02,accepted_downweighted,236.5
gated_adaptive,gated_composite,26,client03,accepted,473
gated_adaptive,gated_composite,26,client04,accepted,473
gated_adaptive,gated_composite,26,client05,accepted_downweighted,236.5
gated_adaptive,gated_composite,26,client06,accepted,473
gated_adaptive,gated_composite,26,client07,accepted,473
gated_adaptive,gated_composite,26,client08,accepted,473
gated_adaptive,gated_composite,26,client09,accepted,473
gated_adaptive,gated_composite,26,client10,accepted,473
gated_adaptive,gated_composite,26,client11,accepted_downweighted,236.5
gated_adaptive,gated_composite,26,client12,accepted,473
gated_adaptive,gated_composite,26,client13,accepted,473
gated_adaptive,gated_composite,26,client14,accepted_downweighted,236.5
gated_adaptive,gated_composite,26,client15,accepted,473
gated_adaptive,gated_composite,27,client01,accepted,474
gated_adaptive,gated_composite,27,client02,accepted_downweighted,236.5
gated_adaptive,gated_composite,27,client03,accepted,473
gated_adaptive,gated_composite,27,client04,accepted,473
gated_adaptive,gated_composite,27,client05,accepted,473
gated_adaptive,gated_composite,27,client06,accepted_downweighted,236.5
gated_adaptive,gated_composite,27,client07,accepted,473
gated_adaptive,gated_composite,27,client08,accepted,473
gated_adaptive,gated_composite,27,client09,accepted,473
gated_adaptive,gated_composite,27,client10,accepted,473
gated_adaptive,gated_composite,27,client11,statistically_quarantined,0
gated_adaptive,gated_composite,27,client12,accepted,473
gated_adaptive,gated_composite,27,client13,accepted,473
gated_adaptive,gated_composite,27,client14,statistically_quarantined,0
gated_adaptive,gated_composite,27,client15,accepted,473
gated_adaptive,gated_composite,28,client01,accepted,474
gated_adaptive,gated_composite,28,client02,statistically_quarantined,0
gated_adaptive,gated_composite,28,client03,accepted,473
gated_adaptive,gated_composite,28,client04,accepted_downweighted,236.5
gated_adaptive,gated_composite,28,client05,accepted_downweighted,236.5
gated_adaptive,gated_composite,28,client06,accepted_downweighted,236.5
gated_adaptive,gated_composite,28,client07,accepted,473
gated_adaptive,gated_composite,28,client08,accepted,473
gated_adaptive,gated_composite,28,client09,accepted,473
gated_adaptive,gated_composite,28,client10,accepted,473
gated_adaptive,gated_composite,28,client11,accepted_downweighted,236.5
gated_adaptive,gated_composite,28,client12,accepted_downweighted,236.5
gated_adaptive,gated_composite,28,client13,accepted,473
gated_adaptive,gated_composite,28,client14,statistically_quarantined,0
gated_adaptive,gated_composite,28,client15,accepted_downweighted,236.5
gated_adaptive,gated_composite,29,client01,accepted,474
gated_adaptive,gated_composite,29,client02,accepted_downweighted,236.5
gated_adaptive,gated_composite,29,client03,accepted,473
gated_adaptive,gated_composite,29,client04,accepted,473
gated_adaptive,gated_composite,29,client05,accepted_downweighted,236.5
gated_adaptive,gated_composite,29,client06,statistically_quarantined,0
gated_adaptive,gated_composite,29,client07,accepted,473
gated_adaptive,gated_composite,29,client08,accepted,473
gated_adaptive,gated_composite,29,client09,accepted,473
gated_adaptive,gated_composite,29,client10,accepted,473
gated_adaptive,gated_composite,29,client11,statistically_quarantined,0
gated_adaptive,gated_composite,29,client12,accepted,473
gated_adaptive,gated_composite,29,client13,accepted,473
gated_adaptive,gated_composite,29,client14,accepted_downweighted,236.5
gated_adaptive,gated_composite,29,client15,accepted,473
gated_adaptive,gated_composite,30,client01,accepted,474
gated_adaptive,gated_composite,30,client02,accepted_downweighted,236.5
gated_adaptive,gated_composite,30,client03,accepted,473
gated_adaptive,gated_composite,30,client04,accepted_downweighted,236.5
gated_adaptive,gated_composite,30,client05,accepted_downweighted,236.5
gated_adaptive,gated_composite,30,client06,accepted_downweighted,236.5
gated_adaptive,gated_composite,30,client07,accepted,473
gated_adaptive,gated_composite,30,client08,accepted,473
gated_adaptive,gated_composite,30,client09,accepted,473
gated_adaptive,gated_composite,30,client10,accepted_downweighted,236.5
gated_adaptive,gated_composite,30,client11,statistically_quarantined,0
gated_adaptive,gated_composite,30,client12,accepted,473
gated_adaptive,gated_composite,30,client13,accepted,473
gated_adaptive,gated_composite,30,client14,statistically_quarantined,0
gated_adaptive,gated_composite,30,client15,accepted_downweighted,236.5
tpm_clean,tpm_only,1,client01,accepted,
tpm_clean,tpm_only,1,client02,accepted,
tpm_clean,tpm_only,1,client03,accepted,
tpm_clean,tpm_only,1,client04,accepted,
tpm_clean,tpm_only,1,client05,accepted,
tpm_clean,tpm_only,1,client06,accepted,
tpm_clean,tpm_only,1,client07,accepted,
tpm_clean,tpm_only,1,client08,accepted,
tpm_clean,tpm_only,1,client09,accepted,
tpm_clean,tpm_only,1,client10,accepted,
tpm_clean,tpm_only,1,client11,accepted,
tpm_clean,tpm_only,1,client12,accepted,
tpm_clean,tpm_only,1,client13,accepted,
tpm_clean,tpm_only,1,client14,accepted,
tpm_clean,tpm_only,1,client15,accepted,
tpm_clean,tpm_only,2,client01,accepted,
tpm_clean,tpm_only,2,client02,accepted,
tpm_clean,tpm_only,2,client03,accepted,
tpm_clean,tpm_only,2,client04,accepted,
tpm_clean,tpm_only,2,client05,accepted,
tpm_clean,tpm_only,2,client06,accepted,
tpm_clean,tpm_only,2,client07,accepted,
tpm_clean,tpm_only,2,client08,accepted,
tpm_clean,tpm_only,2,client09,accepted,
tpm_clean,tpm_only,2,client10,accepted,
tpm_clean,tpm_only,2,client11,accepted,
tpm_clean,tpm_only,2,client12,accepted,
tpm_clean,tpm_only,2,client13,accepted,
tpm_clean,tpm_only,2,client14,accepted,
tpm_clean,tpm_only,2,client15,accepted,
tpm_clean,tpm_only,3,client01,accepted,
tpm_clean,tpm_only,3,client02,accepted,
tpm_clean,tpm_only,3,client03,accepted,
tpm_clean,tpm_only,3,client04,accepted,
tpm_clean,tpm_only,3,client05,accepted,
tpm_clean,tpm_only,3,client06,accepted,
tpm_clean,tpm_only,3,client07,accepted,
tpm_clean,tpm_only,3,client08,accepted,
tpm_clean,tpm_only,3,client09,accepted,
tpm_clean,tpm_only,3,client10,accepted,
tpm_clean,tpm_only,3,client11,accepted,
tpm_clean,tpm_only,3,client12,accepted,
tpm_clean,tpm_only,3,client13,accepted,
tpm_clean,tpm_only,3,client14,accepted,
tpm_clean,tpm_only,3,client15,accepted,
tpm_clean,tpm_only,4,client01,accepted,
tpm_clean,tpm_only,4,client02,accepted,
tpm_clean,tpm_only,4,client03,accepted,
tpm_clean,tpm_only,4,client04,accepted,
tpm_clean,tpm_only,4,client05,accepted,
tpm_clean,tpm_only,4,client06,accepted,
tpm_clean,tpm_only,4,client07,accepted,
tpm_clean,tpm_only,4,client08,accepted,
tpm_clean,tpm_only,4,client09,accepted,
tpm_clean,tpm_only,4,client10,accepted,
tpm_clean,tpm_only,4,client11,accepted,
tpm_clean,tpm_only,4,client12,accepted,
tpm_clean,tpm_only,4,client13,accepted,
tpm_clean,tpm_only,4,client14,accepted,
tpm_clean,tpm_only,4,client15,accepted,
tpm_clean,tpm_only,5,client01,accepted,
tpm_clean,tpm_only,5,client02,accepted,
tpm_clean,tpm_only,5,client03,accepted,
tpm_clean,tpm_only,5,client04,accepted,
tpm_clean,tpm_only,5,client05,accepted,
tpm_clean,tpm_only,5,client06,accepted,
tpm_clean,tpm_only,5,client07,accepted,
tpm_clean,tpm_only,5,client08,accepted,
tpm_clean,tpm_only,5,client09,accepted,
tpm_clean,tpm_only,5,client10,accepted,
tpm_clean,tpm_only,5,client11,accepted,
tpm_clean,tpm_only,5,client12,accepted,
tpm_clean,tpm_only,5,client13,accepted,
tpm_clean,tpm_only,5,client14,accepted,
tpm_clean,tpm_only,5,client15,accepted,
tpm_clean,tpm_only,6,client01,accepted,
tpm_clean,tpm_only,6,client02,accepted,
tpm_clean,tpm_only,6,client03,accepted,
tpm_clean,tpm_only,6,client04,accepted,
tpm_clean,tpm_only,6,client05,accepted,
tpm_clean,tpm_only,6,client06,accepted,
tpm_clean,tpm_only,6,client07,accepted,
tpm_clean,tpm_only,6,client08,accepted,
tpm_clean,tpm_only,6,client09,accepted,
tpm_clean,tpm_only,6,client10,accepted,
tpm_clean,tpm_only,6,client11,accepted,
tpm_clean,tpm_only,6,client12,accepted,
tpm_clean,tpm_only,6,client13,accepted,
tpm_clean,tpm_only,6,client14,accepted,
tpm_clean,tpm_only,6,client15,accepted,
tpm_clean,tpm_only,7,client01,accepted,
tpm_clean,tpm_only,7,client02,accepted,
tpm_clean,tpm_only,7,client03,accepted,
tpm_clean,tpm_only,7,client04,accepted,
tpm_clean,tpm_only,7,client05,accepted,
tpm_clean,tpm_only,7,client06,accepted,
tpm_clean,tpm_only,7,client07,accepted,
tpm_clean,tpm_only,7,client08,accepted,
tpm_clean,tpm_only,7,client09,accepted,
tpm_clean,tpm_only,7,client10,accepted,
tpm_clean,tpm_only,7,client11,accepted,
tpm_clean,tpm_only,7,client12,accepted,
tpm_clean,tpm_only,7,client13,accepted,
tpm_clean,tpm_only,7,client14,accepted,
tpm_clean,tpm_only,7,client15,accepted,
tpm_clean,tpm_only,8,client01,accepted,
tpm_clean,tpm_only,8,client02,accepted,
tpm_clean,tpm_only,8,client03,accepted,
tpm_clean,tpm_only,8,client04,accepted,
tpm_clean,tpm_only,8,client05,accepted,
tpm_clean,tpm_only,8,client06,accepted,
tpm_clean,tpm_only,8,client07,accepted,
tpm_clean,tpm_only,8,client08,accepted,
tpm_clean,tpm_only,8,client09,accepted,
tpm_clean,tpm_only,8,client10,accepted,
tpm_clean,tpm_only,8,client11,accepted,
tpm_clean,tpm_only,8,client12,accepted,
tpm_clean,tpm_only,8,client13,accepted,
tpm_clean,tpm_only,8,client14,accepted,
tpm_clean,tpm_only,8,client15,accepted,
tpm_clean,tpm_only,9,client01,accepted,
tpm_clean,tpm_only,9,client02,accepted,
tpm_clean,tpm_only,9,client03,accepted,
tpm_clean,tpm_only,9,client04,accepted,
tpm_clean,tpm_only,9,client05,accepted,
tpm_clean,tpm_only,9,client06,accepted,
tpm_clean,tpm_only,9,client07,accepted,
tpm_clean,tpm_only,9,client08,accepted,
tpm_clean,tpm_only,9,client09,accepted,
tpm_clean,tpm_only,9,client10,accepted,
tpm_clean,tpm_only,9,client11,accepted,
tpm_clean,tpm_only,9,client12,accepted,
tpm_clean,tpm_only,9,client13,accepted,
tpm_clean,tpm_only,9,client14,accepted,
tpm_clean,tpm_only,9,client15,accepted,
tpm_clean,tpm_only,10,client01,accepted,
tpm_clean,tpm_only,10,client02,accepted,
tpm_clean,tpm_only,10,client03,accepted,
tpm_clean,tpm_only,10,client04,accepted,
tpm_clean,tpm_only,10,client05,accepted,
tpm_clean,tpm_only,10,client06,accepted,
tpm_clean,tpm_only,10,client07,accepted,
tpm_clean,tpm_only,10,client08,accepted,
tpm_clean,tpm_only,10,client09,accepted,
tpm_clean,tpm_only,10,client10,accepted,
tpm_clean,tpm_only,10,client11,accepted,
tpm_clean,tpm_only,10,client12,accepted,
tpm_clean,tpm_only,10,client13,accepted,
tpm_clean,tpm_only,10,client14,accepted,
tpm_clean,tpm_only,10,client15,accepted,
tpm_clean,tpm_only,11,client01,accepted,
tpm_clean,tpm_only,11,client02,accepted,
tpm_clean,tpm_only,11,client03,accepted,
tpm_clean,tpm_only,11,client04,accepted,
tpm_clean,tpm_only,11,client05,accepted,
tpm_clean,tpm_only,11,client06,accepted,
tpm_clean,tpm_only,11,client07,accepted,
tpm_clean,tpm_only,11,client08,accepted,
tpm_clean,tpm_only,11,client09,accepted,
tpm_clean,tpm_only,11,client10,accepted,
tpm_clean,tpm_only,11,client11,accepted,
tpm_clean,tpm_only,11,client12,accepted,
tpm_clean,tpm_only,11,client13,accepted,
tpm_clean,tpm_only,11,client14,accepted,
tpm_clean,tpm_only,11,client15,accepted,
tpm_clean,tpm_only,12,client01,accepted,
tpm_clean,tpm_only,12,client02,accepted,
tpm_clean,tpm_only,12,client03,accepted,
tpm_clean,tpm_only,12,client04,accepted,
tpm_clean,tpm_only,12,client05,accepted,
tpm_clean,tpm_only,12,client06,accepted,
tpm_clean,tpm_only,12,client07,accepted,
tpm_clean,tpm_only,12,client08,accepted,
tpm_clean,tpm_only,12,client09,accepted,
tpm_clean,tpm_only,12,client10,accepted,
tpm_clean,tpm_only,12,client11,accepted,
tpm_clean,tpm_only,12,client12,accepted,
tpm_clean,tpm_only,12,client13,accepted,
tpm_clean,tpm_only,12,client14,accepted,
tpm_clean,tpm_only,12,client15,accepted,
tpm_clean,tpm_only,13,client01,accepted,
tpm_clean,tpm_only,13,client02,accepted,
tpm_clean,tpm_only,13,client03,accepted,
tpm_clean,tpm_only,13,client04,accepted,
tpm_clean,tpm_only,13,client05,accepted,
tpm_clean,tpm_only,13,client06,accepted,
tpm_clean,tpm_only,13,client07,accepted,
tpm_clean,tpm_only,13,client08,accepted,
tpm_clean,tpm_only,13,client09,accepted,
tpm_clean,tpm_only,13,client10,accepted,
tpm_clean,tpm_only,13,client11,accepted,
tpm_clean,tpm_only,13,client12,accepted,
tpm_clean,tpm_only,13,client13,accepted,
tpm_clean,tpm_only,13,client14,accepted,
tpm_clean,tpm_only,13,client15,accepted,
tpm_clean,tpm_only,14,client01,accepted,
tpm_clean,tpm_only,14,client02,accepted,
tpm_clean,tpm_only,14,client03,accepted,
tpm_clean,tpm_only,14,client04,accepted,
tpm_clean,tpm_only,14,client05,accepted,
tpm_clean,tpm_only,14,client06,accepted,
tpm_clean,tpm_only,14,client07,accepted,
tpm_clean,tpm_only,14,client08,accepted,
tpm_clean,tpm_only,14,client09,accepted,
tpm_clean,tpm_only,14,client10,accepted,
tpm_clean,tpm_only,14,client11,accepted,
tpm_clean,tpm_only,14,client12,accepted,
tpm_clean,tpm_only,14,client13,accepted,
tpm_clean,tpm_only,14,client14,accepted,
tpm_clean,tpm_only,14,client15,accepted,
tpm_clean,tpm_only,15,client01,accepted,
tpm_clean,tpm_only,15,client02,accepted,
tpm_clean,tpm_only,15,client03,accepted,
tpm_clean,tpm_only,15,client04,accepted,
tpm_clean,tpm_only,15,client05,accepted,
tpm_clean,tpm_only,15,client06,accepted,
tpm_clean,tpm_only,15,client07,accepted,
tpm_clean,tpm_only,15,client08,accepted,
tpm_clean,tpm_only,15,client09,accepted,
tpm_clean,tpm_only,15,client10,accepted,
tpm_clean,tpm_only,15,client11,accepted,
tpm_clean,tpm_only,15,client12,accepted,
tpm_clean,tpm_only,15,client13,accepted,
tpm_clean,tpm_only,15,client14,accepted,
tpm_clean,tpm_only,15,client15,accepted,
tpm_clean,tpm_only,16,client01,accepted,
tpm_clean,tpm_only,16,client02,accepted,
tpm_clean,tpm_only,16,client03,accepted,
tpm_clean,tpm_only,16,client04,accepted,
tpm_clean,tpm_only,16,client05,accepted,
tpm_clean,tpm_only,16,client06,accepted,
tpm_clean,tpm_only,16,client07,accepted,
tpm_clean,tpm_only,16,client08,accepted,
tpm_clean,tpm_only,16,client09,accepted,
tpm_clean,tpm_only,16,client10,accepted,
tpm_clean,tpm_only,16,client11,accepted,
tpm_clean,tpm_only,16,client12,accepted,
tpm_clean,tpm_only,16,client13,accepted,
tpm_clean,tpm_only,16,client14,accepted,
tpm_clean,tpm_only,16,client15,accepted,
tpm_clean,tpm_only,17,client01,accepted,
tpm_clean,tpm_only,17,client02,accepted,
tpm_clean,tpm_only,17,client03,accepted,
tpm_clean,tpm_only,17,client04,accepted,
tpm_clean,tpm_only,17,client05,accepted,
tpm_clean,tpm_only,17,client06,accepted,
tpm_clean,tpm_only,17,client07,accepted,
tpm_clean,tpm_only,17,client08,accepted,
tpm_clean,tpm_only,17,client09,accepted,
tpm_clean,tpm_only,17,client10,accepted,
tpm_clean,tpm_only,17,client11,accepted,
tpm_clean,tpm_only,17,client12,accepted,
tpm_clean,tpm_only,17,client13,accepted,
tpm_clean,tpm_only,17,client14,accepted,
tpm_clean,tpm_only,17,client15,accepted,
tpm_clean,tpm_only,18,client01,accepted,
tpm_clean,tpm_only,18,client02,accepted,
tpm_clean,tpm_only,18,client03,accepted,
tpm_clean,tpm_only,18,client04,accepted,
tpm_clean,tpm_only,18,client05,accepted,
tpm_clean,tpm_only,18,client06,accepted,
tpm_clean,tpm_only,18,client07,accepted,
tpm_clean,tpm_only,18,client08,accepted,
tpm_clean,tpm_only,18,client09,accepted,
tpm_clean,tpm_only,18,client10,accepted,
tpm_clean,tpm_only,18,client11,accepted,
tpm_clean,tpm_only,18,client12,accepted,
tpm_clean,tpm_only,18,client13,accepted,
tpm_clean,tpm_only,18,client14,accepted,
tpm_clean,tpm_only,18,client15,accepted,
tpm_clean,tpm_only,19,client01,accepted,
tpm_clean,tpm_only,19,client02,accepted,
tpm_clean,tpm_only,19,client03,accepted,
tpm_clean,tpm_only,19,client04,accepted,
tpm_clean,tpm_only,19,client05,accepted,
tpm_clean,tpm_only,19,client06,accepted,
tpm_clean,tpm_only,19,client07,accepted,
tpm_clean,tpm_only,19,client08,accepted,
tpm_clean,tpm_only,19,client09,accepted,
tpm_clean,tpm_only,19,client10,accepted,
tpm_clean,tpm_only,19,client11,accepted,
tpm_clean,tpm_only,19,client12,accepted,
tpm_clean,tpm_only,19,client13,accepted,
tpm_clean,tpm_only,19,client14,accepted,
tpm_clean,tpm_only,19,client15,accepted,
tpm_clean,tpm_only,20,client01,accepted,
tpm_clean,tpm_only,20,client02,accepted,
tpm_clean,tpm_only,20,client03,accepted,
tpm_clean,tpm_only,20,client04,accepted,
tpm_clean,tpm_only,20,client05,accepted,
tpm_clean,tpm_only,20,client06,accepted,
tpm_clean,tpm_only,20,client07,accepted,
tpm_clean,tpm_only,20,client08,accepted,
tpm_clean,tpm_only,20,client09,accepted,
tpm_clean,tpm_only,20,client10,accepted,
tpm_clean,tpm_only,20,client11,accepted,
tpm_clean,tpm_only,20,client12,accepted,
tpm_clean,tpm_only,20,client13,accepted,
tpm_clean,tpm_only,20,client14,accepted,
tpm_clean,tpm_only,20,client15,accepted,
tpm_clean,tpm_only,21,client01,accepted,
tpm_clean,tpm_only,21,client02,accepted,
tpm_clean,tpm_only,21,client03,accepted,
tpm_clean,tpm_only,21,client04,accepted,
tpm_clean,tpm_only,21,client05,accepted,
tpm_clean,tpm_only,21,client06,accepted,
tpm_clean,tpm_only,21,client07,accepted,
tpm_clean,tpm_only,21,client08,accepted,
tpm_clean,tpm_only,21,client09,accepted,
tpm_clean,tpm_only,21,client10,accepted,
tpm_clean,tpm_only,21,client11,accepted,
tpm_clean,tpm_only,21,client12,accepted,
tpm_clean,tpm_only,21,client13,accepted,
tpm_clean,tpm_only,21,client14,accepted,
tpm_clean,tpm_only,21,client15,accepted,
tpm_clean,tpm_only,22,client01,accepted,
tpm_clean,tpm_only,22,client02,accepted,
tpm_clean,tpm_only,22,client03,accepted,
tpm_clean,tpm_only,22,client04,accepted,
tpm_clean,tpm_only,22,client05,accepted,
tpm_clean,tpm_only,22,client06,accepted,
tpm_clean,tpm_only,22,client07,accepted,
tpm_clean,tpm_only,22,client08,accepted,
tpm_clean,tpm_only,22,client09,accepted,
tpm_clean,tpm_only,22,client10,accepted,
tpm_clean,tpm_only,22,client11,accepted,
tpm_clean,tpm_only,22,client12,accepted,
tpm_clean,tpm_only,22,client13,accepted,
tpm_clean,tpm_only,22,client14,accepted,
tpm_clean,tpm_only,22,client15,accepted,
tpm_clean,tpm_only,23,client01,accepted,
tpm_clean,tpm_only,23,client02,accepted,
tpm_clean,tpm_only,23,client03,accepted,
tpm_clean,tpm_only,23,client04,accepted,
tpm_clean,tpm_only,23,client05,accepted,
tpm_clean,tpm_only,23,client06,accepted,
tpm_clean,tpm_only,23,client07,accepted,
tpm_clean,tpm_only,23,client08,accepted,
tpm_clean,tpm_only,23,client09,accepted,
tpm_clean,tpm_only,23,client10,accepted,
tpm_clean,tpm_only,23,client11,accepted,
tpm_clean,tpm_only,23,client12,accepted,
tpm_clean,tpm_only,23,client13,accepted,
tpm_clean,tpm_only,23,client14,accepted,
tpm_clean,tpm_only,23,client15,accepted,
tpm_clean,tpm_only,24,client01,accepted,
tpm_clean,tpm_only,24,client02,accepted,
tpm_clean,tpm_only,24,client03,accepted,
tpm_clean,tpm_only,24,client04,accepted,
tpm_clean,tpm_only,24,client05,accepted,
tpm_clean,tpm_only,24,client06,accepted,
tpm_clean,tpm_only,24,client07,accepted,
tpm_clean,tpm_only,24,client08,accepted,
tpm_clean,tpm_only,24,client09,accepted,
tpm_clean,tpm_only,24,client10,accepted,
tpm_clean,tpm_only,24,client11,accepted,
tpm_clean,tpm_only,24,client12,accepted,
tpm_clean,tpm_only,24,client13,accepted,
tpm_clean,tpm_only,24,client14,accepted,
tpm_clean,tpm_only,24,client15,accepted,
tpm_clean,tpm_only,25,client01,accepted,
tpm_clean,tpm_only,25,client02,accepted,
tpm_clean,tpm_only,25,client03,accepted,
tpm_clean,tpm_only,25,client04,accepted,
tpm_clean,tpm_only,25,client05,accepted,
tpm_clean,tpm_only,25,client06,accepted,
tpm_clean,tpm_only,25,client07,accepted,
tpm_clean,tpm_only,25,client08,accepted,
tpm_clean,tpm_only,25,client09,accepted,
tpm_clean,tpm_only,25,client10,accepted,
tpm_clean,tpm_only,25,client11,accepted,
tpm_clean,tpm_only,25,client12,accepted,
tpm_clean,tpm_only,25,client13,accepted,
tpm_clean,tpm_only,25,client14,accepted,
tpm_clean,tpm_only,25,client15,accepted,
tpm_clean,tpm_only,26,client01,accepted,
tpm_clean,tpm_only,26,client02,accepted,
tpm_clean,tpm_only,26,client03,accepted,
tpm_clean,tpm_only,26,client04,accepted,
tpm_clean,tpm_only,26,client05,accepted,
tpm_clean,tpm_only,26,client06,accepted,
tpm_clean,tpm_only,26,client07,accepted,
tpm_clean,tpm_only,26,client08,accepted,
tpm_clean,tpm_only,26,client09,accepted,
tpm_clean,tpm_only,26,client10,accepted,
tpm_clean,tpm_only,26,client11,accepted,
tpm_clean,tpm_only,26,client12,accepted,
tpm_clean,tpm_only,26,client13,accepted,
tpm_clean,tpm_only,26,client14,accepted,
tpm_clean,tpm_only,26,client15,accepted,
tpm_clean,tpm_only,27,client01,accepted,
tpm_clean,tpm_only,27,client02,accepted,
tpm_clean,tpm_only,27,client03,accepted,
tpm_clean,tpm_only,27,client04,accepted,
tpm_clean,tpm_only,27,client05,accepted,
tpm_clean,tpm_only,27,client06,accepted,
tpm_clean,tpm_only,27,client07,accepted,
tpm_clean,tpm_only,27,client08,accepted,
tpm_clean,tpm_only,27,client09,accepted,
tpm_clean,tpm_only,27,client10,accepted,
tpm_clean,tpm_only,27,client11,accepted,
tpm_clean,tpm_only,27,client12,accepted,
tpm_clean,tpm_only,27,client13,accepted,
tpm_clean,tpm_only,27,client14,accepted,
tpm_clean,tpm_only,27,client15,accepted,
tpm_clean,tpm_only,28,client01,accepted,
tpm_clean,tpm_only,28,client02,accepted,
tpm_clean,tpm_only,28,client03,accepted,
tpm_clean,tpm_only,28,client04,accepted,
tpm_clean,tpm_only,28,client05,accepted,
tpm_clean,tpm_only,28,client06,accepted,
tpm_clean,tpm_only,28,client07,accepted,
tpm_clean,tpm_only,28,client08,accepted,
tpm_clean,tpm_only,28,client09,accepted,
tpm_clean,tpm_only,28,client10,accepted,
tpm_clean,tpm_only,28,client11,accepted,
tpm_clean,tpm_only,28,client12,accepted,
tpm_clean,tpm_only,28,client13,accepted,
tpm_clean,tpm_only,28,client14,accepted,
tpm_clean,tpm_only,28,client15,accepted,
tpm_clean,tpm_only,29,client01,accepted,
tpm_clean,tpm_only,29,client02,accepted,
tpm_clean,tpm_only,29,client03,accepted,
tpm_clean,tpm_only,29,client04,accepted,
tpm_clean,tpm_only,29,client05,accepted,
tpm_clean,tpm_only,29,client06,accepted,
tpm_clean,tpm_only,29,client07,accepted,
tpm_clean,tpm_only,29,client08,accepted,
tpm_clean,tpm_only,29,client09,accepted,
tpm_clean,tpm_only,29,client10,accepted,
tpm_clean,tpm_only,29,client11,accepted,
tpm_clean,tpm_only,29,client12,accepted,
tpm_clean,tpm_only,29,client13,accepted,
tpm_clean,tpm_only,29,client14,accepted,
tpm_clean,tpm_only,29,client15,accepted,
tpm_clean,tpm_only,30,client01,accepted,
tpm_clean,tpm_only,30,client02,accepted,
tpm_clean,tpm_only,30,client03,accepted,
tpm_clean,tpm_only,30,client04,accepted,
tpm_clean,tpm_only,30,client05,accepted,
tpm_clean,tpm_only,30,client06,accepted,
tpm_clean,tpm_only,30,client07,accepted,
tpm_clean,tpm_only,30,client08,accepted,
tpm_clean,tpm_only,30,client09,accepted,
tpm_clean,tpm_only,30,client10,accepted,
tpm_clean,tpm_only,30,client11,accepted,
tpm_clean,tpm_only,30,client12,accepted,
tpm_clean,tpm_only,30,client13,accepted,
tpm_clean,tpm_only,30,client14,accepted,
tpm_clean,tpm_only,30,client15,accepted,
tpm_adaptive,tpm_only,1,client01,accepted,
tpm_adaptive,tpm_only,1,client02,accepted,
tpm_adaptive,tpm_only,1,client03,accepted,
tpm_adaptive,tpm_only,1,client04,accepted,
tpm_adaptive,tpm_only,1,client05,accepted,
tpm_adaptive,tpm_only,1,client06,accepted,
tpm_adaptive,tpm_only,1,client07,accepted,
tpm_adaptive,tpm_only,1,client08,accepted,
tpm_adaptive,tpm_only,1,client09,accepted,
tpm_adaptive,tpm_only,1,client10,accepted,
tpm_adaptive,tpm_only,1,client11,accepted,
tpm_adaptive,tpm_only,1,client12,accepted,
tpm_adaptive,tpm_only,1,client13,accepted,
tpm_adaptive,tpm_only,1,client14,accepted,
tpm_adaptive,tpm_only,1,client15,accepted,
tpm_adaptive,tpm_only,2,client01,accepted,
tpm_adaptive,tpm_only,2,client02,accepted,
tpm_adaptive,tpm_only,2,client03,accepted,
tpm_adaptive,tpm_only,2,client04,accepted,
tpm_adaptive,tpm_only,2,client05,accepted,
tpm_adaptive,tpm_only,2,client06,accepted,
tpm_adaptive,tpm_only,2,client07,accepted,
tpm_adaptive,tpm_only,2,client08,accepted,
tpm_adaptive,tpm_only,2,client09,accepted,
tpm_adaptive,tpm_only,2,client10,accepted,
tpm_adaptive,tpm_only,2,client11,accepted,
tpm_adaptive,tpm_only,2,client12,accepted,
tpm_adaptive,tpm_only,2,client13,accepted,
tpm_adaptive,tpm_only,2,client14,accepted,
tpm_adaptive,tpm_only,2,client15,accepted,
tpm_adaptive,tpm_only,3,client01,accepted,
tpm_adaptive,tpm_only,3,client02,accepted,
tpm_adaptive,tpm_only,3,client03,accepted,
tpm_adaptive,tpm_only,3,client04,accepted,
tpm_adaptive,tpm_only,3,client05,accepted,
tpm_adaptive,tpm_only,3,client06,accepted,
tpm_adaptive,tpm_only,3,client07,accepted,
tpm_adaptive,tpm_only,3,client08,accepted,
tpm_adaptive,tpm_only,3,client09,accepted,
tpm_adaptive,tpm_only,3,client10,accepted,
tpm_adaptive,tpm_only,3,client11,accepted,
tpm_adaptive,tpm_only,3,client12,accepted,
tpm_adaptive,tpm_only,3,client13,accepted,
tpm_adaptive,tpm_only,3,client14,accepted,
tpm_adaptive,tpm_only,3,client15,accepted,
tpm_adaptive,tpm_only,4,client01,accepted,
tpm_adaptive,tpm_only,4,client02,accepted,
tpm_adaptive,tpm_only,4,client03,accepted,
tpm_adaptive,tpm_only,4,client04,accepted,
tpm_adaptive,tpm_only,4,client05,accepted,
tpm_adaptive,tpm_only,4,client06,accepted,
tpm_adaptive,tpm_only,4,client07,accepted,
tpm_adaptive,tpm_only,4,client08,accepted,
tpm_adaptive,tpm_only,4,client09,accepted,
tpm_adaptive,tpm_only,4,client10,accepted,
tpm_adaptive,tpm_only,4,client11,accepted,
tpm_adaptive,tpm_only,4,client12,accepted,
tpm_adaptive,tpm_only,4,client13,accepted,
tpm_adaptive,tpm_only,4,client14,accepted,
tpm_adaptive,tpm_only,4,client15,accepted,
tpm_adaptive,tpm_only,5,client01,accepted,
tpm_adaptive,tpm_only,5,client02,accepted,
tpm_adaptive,tpm_only,5,client03,accepted,
tpm_adaptive,tpm_only,5,client04,accepted,
tpm_adaptive,tpm_only,5,client05,accepted,
tpm_adaptive,tpm_only,5,client06,accepted,
tpm_adaptive,tpm_only,5,client07,accepted,
tpm_adaptive,tpm_only,5,client08,accepted,
tpm_adaptive,tpm_only,5,client09,accepted,
tpm_adaptive,tpm_only,5,client10,accepted,
tpm_adaptive,tpm_only,5,client11,accepted,
tpm_adaptive,tpm_only,5,client12,accepted,
tpm_adaptive,tpm_only,5,client13,accepted,
tpm_adaptive,tpm_only,5,client14,accepted,
tpm_adaptive,tpm_only,5,client15,accepted,
tpm_adaptive,tpm_only,6,client01,accepted,
tpm_adaptive,tpm_only,6,client02,accepted,
tpm_adaptive,tpm_only,6,client03,accepted,
tpm_adaptive,tpm_only,6,client04,accepted,
tpm_adaptive,tpm_only,6,client05,accepted,
tpm_adaptive,tpm_only,6,client06,accepted,
tpm_adaptive,tpm_only,6,client07,accepted,
tpm_adaptive,tpm_only,6,client08,accepted,
tpm_adaptive,tpm_only,6,client09,accepted,
tpm_adaptive,tpm_only,6,client10,accepted,
tpm_adaptive,tpm_only,6,client11,accepted,
tpm_adaptive,tpm_only,6,client12,accepted,
tpm_adaptive,tpm_only,6,client13,accepted,
tpm_adaptive,tpm_only,6,client14,accepted,
tpm_adaptive,tpm_only,6,client15,accepted,
tpm_adaptive,tpm_only,7,client01,accepted,
tpm_adaptive,tpm_only,7,client02,accepted,
tpm_adaptive,tpm_only,7,client03,accepted,
tpm_adaptive,tpm_only,7,client04,accepted,
tpm_adaptive,tpm_only,7,client05,accepted,
tpm_adaptive,tpm_only,7,client06,accepted,
tpm_adaptive,tpm_only,7,client07,accepted,
tpm_adaptive,tpm_only,7,client08,accepted,
tpm_adaptive,tpm_only,7,client09,accepted,
tpm_adaptive,tpm_only,7,client10,accepted,
tpm_adaptive,tpm_only,7,client11,accepted,
tpm_adaptive,tpm_only,7,client12,accepted,
tpm_adaptive,tpm_only,7,client13,accepted,
tpm_adaptive,tpm_only,7,client14,accepted,
tpm_adaptive,tpm_only,7,client15,accepted,
tpm_adaptive,tpm_only,8,client01,accepted,
tpm_adaptive,tpm_only,8,client02,accepted,
tpm_adaptive,tpm_only,8,client03,accepted,
tpm_adaptive,tpm_only,8,client04,accepted,
tpm_adaptive,tpm_only,8,client05,accepted,
tpm_adaptive,tpm_only,8,client06,accepted,
tpm_adaptive,tpm_only,8,client07,accepted,
tpm_adaptive,tpm_only,8,client08,accepted,
tpm_adaptive,tpm_only,8,client09,accepted,
tpm_adaptive,tpm_only,8,client10,accepted,
tpm_adaptive,tpm_only,8,client11,accepted,
tpm_adaptive,tpm_only,8,client12,accepted,
tpm_adaptive,tpm_only,8,client13,accepted,
tpm_adaptive,tpm_only,8,client14,accepted,
tpm_adaptive,tpm_only,8,client15,accepted,
tpm_adaptive,tpm_only,9,client01,accepted,
tpm_adaptive,tpm_only,9,client02,accepted,
tpm_adaptive,tpm_only,9,client03,accepted,
tpm_adaptive,tpm_only,9,client04,accepted,
tpm_adaptive,tpm_only,9,client05,accepted,
tpm_adaptive,tpm_only,9,client06,accepted,
tpm_adaptive,tpm_only,9,client07,accepted,
tpm_adaptive,tpm_only,9,client08,accepted,
tpm_adaptive,tpm_only,9,client09,accepted,
tpm_adaptive,tpm_only,9,client10,accepted,
tpm_adaptive,tpm_only,9,client11,accepted,
tpm_adaptive,tpm_only,9,client12,accepted,
tpm_adaptive,tpm_only,9,client13,accepted,
tpm_adaptive,tpm_only,9,client14,accepted,
tpm_adaptive,tpm_only,9,client15,accepted,
tpm_adaptive,tpm_only,10,client01,accepted,
tpm_adaptive,tpm_only,10,client02,accepted,
tpm_adaptive,tpm_only,10,client03,accepted,
tpm_adaptive,tpm_only,10,client04,accepted,
tpm_adaptive,tpm_only,10,client05,accepted,
tpm_adaptive,tpm_only,10,client06,accepted,
tpm_adaptive,tpm_only,10,client07,accepted,
tpm_adaptive,tpm_only,10,client08,accepted,
tpm_adaptive,tpm_only,10,client09,accepted,
tpm_adaptive,tpm_only,10,client10,accepted,
tpm_adaptive,tpm_only,10,client11,accepted,
tpm_adaptive,tpm_only,10,client12,accepted,
tpm_adaptive,tpm_only,10,client13,accepted,
tpm_adaptive,tpm_only,10,client14,accepted,
tpm_adaptive,tpm_only,10,client15,accepted,
tpm_adaptive,tpm_only,11,client01,accepted,
tpm_adaptive,tpm_only,11,client02,accepted,
tpm_adaptive,tpm_only,11,client03,accepted,
tpm_adaptive,tpm_only,11,client04,accepted,
tpm_adaptive,tpm_only,11,client05,accepted,
tpm_adaptive,tpm_only,11,client06,accepted,
tpm_adaptive,tpm_only,11,client07,accepted,
tpm_adaptive,tpm_only,11,client08,accepted,
tpm_adaptive,tpm_only,11,client09,accepted,
tpm_adaptive,tpm_only,11,client10,accepted,
tpm_adaptive,tpm_only,11,client11,accepted,
tpm_adaptive,tpm_only,11,client12,accepted,
tpm_adaptive,tpm_only,11,client13,accepted,
tpm_adaptive,tpm_only,11,client14,accepted,
tpm_adaptive,tpm_only,11,client15,accepted,
tpm_adaptive,tpm_only,12,client01,accepted,
tpm_adaptive,tpm_only,12,client02,accepted,
tpm_adaptive,tpm_only,12,client03,accepted,
tpm_adaptive,tpm_only,12,client04,accepted,
tpm_adaptive,tpm_only,12,client05,accepted,
tpm_adaptive,tpm_only,12,client06,accepted,
tpm_adaptive,tpm_only,12,client07,accepted,
tpm_adaptive,tpm_only,12,client08,accepted,
tpm_adaptive,tpm_only,12,client09,accepted,
tpm_adaptive,tpm_only,12,client10,accepted,
tpm_adaptive,tpm_only,12,client11,accepted,
tpm_adaptive,tpm_only,12,client12,accepted,
tpm_adaptive,tpm_only,12,client13,accepted,
tpm_adaptive,tpm_only,12,client14,accepted,
tpm_adaptive,tpm_only,12,client15,accepted,
tpm_adaptive,tpm_only,13,client01,accepted,
tpm_adaptive,tpm_only,13,client02,accepted,
tpm_adaptive,tpm_only,13,client03,accepted,
tpm_adaptive,tpm_only,13,client04,accepted,
tpm_adaptive,tpm_only,13,client05,accepted,
tpm_adaptive,tpm_only,13,client06,accepted,
tpm_adaptive,tpm_only,13,client07,accepted,
tpm_adaptive,tpm_only,13,client08,accepted,
tpm_adaptive,tpm_only,13,client09,accepted,
tpm_adaptive,tpm_only,13,client10,accepted,
tpm_adaptive,tpm_only,13,client11,accepted,
tpm_adaptive,tpm_only,13,client12,accepted,
tpm_adaptive,tpm_only,13,client13,accepted,
tpm_adaptive,tpm_only,13,client14,accepted,
tpm_adaptive,tpm_only,13,client15,accepted,
tpm_adaptive,tpm_only,14,client01,accepted,
tpm_adaptive,tpm_only,14,client02,accepted,
tpm_adaptive,tpm_only,14,client03,accepted,
tpm_adaptive,tpm_only,14,client04,accepted,
tpm_adaptive,tpm_only,14,client05,accepted,
tpm_adaptive,tpm_only,14,client06,accepted,
tpm_adaptive,tpm_only,14,client07,accepted,
tpm_adaptive,tpm_only,14,client08,accepted,
tpm_adaptive,tpm_only,14,client09,accepted,
tpm_adaptive,tpm_only,14,client10,accepted,
tpm_adaptive,tpm_only,14,client11,accepted,
tpm_adaptive,tpm_only,14,client12,accepted,
tpm_adaptive,tpm_only,14,client13,accepted,
tpm_adaptive,tpm_only,14,client14,accepted,
tpm_adaptive,tpm_only,14,client15,accepted,
tpm_adaptive,tpm_only,15,client01,accepted,
tpm_adaptive,tpm_only,15,client02,accepted,
tpm_adaptive,tpm_only,15,client03,accepted,
tpm_adaptive,tpm_only,15,client04,accepted,
tpm_adaptive,tpm_only,15,client05,accepted,
tpm_adaptive,tpm_only,15,client06,accepted,
tpm_adaptive,tpm_only,15,client07,accepted,
tpm_adaptive,tpm_only,15,client08,accepted,
tpm_adaptive,tpm_only,15,client09,accepted,
tpm_adaptive,tpm_only,15,client10,accepted,
tpm_adaptive,tpm_only,15,client11,accepted,
tpm_adaptive,tpm_only,15,client12,accepted,
tpm_adaptive,tpm_only,15,client13,accepted,
tpm_adaptive,tpm_only,15,client14,accepted,
tpm_adaptive,tpm_only,15,client15,accepted,
tpm_adaptive,tpm_only,16,client01,accepted,
tpm_adaptive,tpm_only,16,client02,accepted,
tpm_adaptive,tpm_only,16,client03,accepted,
tpm_adaptive,tpm_only,16,client04,accepted,
tpm_adaptive,tpm_only,16,client05,accepted,
tpm_adaptive,tpm_only,16,client06,accepted,
tpm_adaptive,tpm_only,16,client07,accepted,
tpm_adaptive,tpm_only,16,client08,accepted,
tpm_adaptive,tpm_only,16,client09,accepted,
tpm_adaptive,tpm_only,16,client10,accepted,
tpm_adaptive,tpm_only,16,client11,accepted,
tpm_adaptive,tpm_only,16,client12,accepted,
tpm_adaptive,tpm_only,16,client13,accepted,
tpm_adaptive,tpm_only,16,client14,accepted,
tpm_adaptive,tpm_only,16,client15,accepted,
tpm_adaptive,tpm_only,17,client01,accepted,
tpm_adaptive,tpm_only,17,client02,accepted,
tpm_adaptive,tpm_only,17,client03,accepted,
tpm_adaptive,tpm_only,17,client04,accepted,
tpm_adaptive,tpm_only,17,client05,accepted,
tpm_adaptive,tpm_only,17,client06,accepted,
tpm_adaptive,tpm_only,17,client07,accepted,
tpm_adaptive,tpm_only,17,client08,accepted,
tpm_adaptive,tpm_only,17,client09,accepted,
tpm_adaptive,tpm_only,17,client10,accepted,
tpm_adaptive,tpm_only,17,client11,accepted,
tpm_adaptive,tpm_only,17,client12,accepted,
tpm_adaptive,tpm_only,17,client13,accepted,
tpm_adaptive,tpm_only,17,client14,accepted,
tpm_adaptive,tpm_only,17,client15,accepted,
tpm_adaptive,tpm_only,18,client01,accepted,
tpm_adaptive,tpm_only,18,client02,accepted,
tpm_adaptive,tpm_only,18,client03,accepted,
tpm_adaptive,tpm_only,18,client04,accepted,
tpm_adaptive,tpm_only,18,client05,accepted,
tpm_adaptive,tpm_only,18,client06,accepted,
tpm_adaptive,tpm_only,18,client07,accepted,
tpm_adaptive,tpm_only,18,client08,accepted,
tpm_adaptive,tpm_only,18,client09,accepted,
tpm_adaptive,tpm_only,18,client10,accepted,
tpm_adaptive,tpm_only,18,client11,accepted,
tpm_adaptive,tpm_only,18,client12,accepted,
tpm_adaptive,tpm_only,18,client13,accepted,
tpm_adaptive,tpm_only,18,client14,accepted,
tpm_adaptive,tpm_only,18,client15,accepted,
tpm_adaptive,tpm_only,19,client01,accepted,
tpm_adaptive,tpm_only,19,client02,accepted,
tpm_adaptive,tpm_only,19,client03,accepted,
tpm_adaptive,tpm_only,19,client04,accepted,
tpm_adaptive,tpm_only,19,client05,accepted,
tpm_adaptive,tpm_only,19,client06,accepted,
tpm_adaptive,tpm_only,19,client07,accepted,
tpm_adaptive,tpm_only,19,client08,accepted,
tpm_adaptive,tpm_only,19,client09,accepted,
tpm_adaptive,tpm_only,19,client10,accepted,
tpm_adaptive,tpm_only,19,client11,accepted,
tpm_adaptive,tpm_only,19,client12,accepted,
tpm_adaptive,tpm_only,19,client13,accepted,
tpm_adaptive,tpm_only,19,client14,accepted,
tpm_adaptive,tpm_only,19,client15,accepted,
tpm_adaptive,tpm_only,20,client01,accepted,
tpm_adaptive,tpm_only,20,client02,accepted,
tpm_adaptive,tpm_only,20,client03,accepted,
tpm_adaptive,tpm_only,20,client04,accepted,
tpm_adaptive,tpm_only,20,client05,accepted,
tpm_adaptive,tpm_only,20,client06,accepted,
tpm_adaptive,tpm_only,20,client07,accepted,
tpm_adaptive,tpm_only,20,client08,accepted,
tpm_adaptive,tpm_only,20,client09,accepted,
tpm_adaptive,tpm_only,20,client10,accepted,
tpm_adaptive,tpm_only,20,client11,accepted,
tpm_adaptive,tpm_only,20,client12,accepted,
tpm_adaptive,tpm_only,20,client13,accepted,
tpm_adaptive,tpm_only,20,client14,accepted,
tpm_adaptive,tpm_only,20,client15,accepted,
tpm_adaptive,tpm_only,21,client01,accepted,
tpm_adaptive,tpm_only,21,client02,accepted,
tpm_adaptive,tpm_only,21,client03,accepted,
tpm_adaptive,tpm_only,21,client04,accepted,
tpm_adaptive,tpm_only,21,client05,accepted,
tpm_adaptive,tpm_only,21,client06,accepted,
tpm_adaptive,tpm_only,21,client07,accepted,
tpm_adaptive,tpm_only,21,client08,accepted,
tpm_adaptive,tpm_only,21,client09,accepted,
tpm_adaptive,tpm_only,21,client10,accepted,
tpm_adaptive,tpm_only,21,client11,accepted,
tpm_adaptive,tpm_only,21,client12,accepted,
tpm_adaptive,tpm_only,21,client13,accepted,
tpm_adaptive,tpm_only,21,client14,accepted,
tpm_adaptive,tpm_only,21,client15,accepted,
tpm_adaptive,tpm_only,22,client01,accepted,
tpm_adaptive,tpm_only,22,client02,accepted,
tpm_adaptive,tpm_only,22,client03,accepted,
tpm_adaptive,tpm_only,22,client04,accepted,
tpm_adaptive,tpm_only,22,client05,accepted,
tpm_adaptive,tpm_only,22,client06,accepted,
tpm_adaptive,tpm_only,22,client07,accepted,
tpm_adaptive,tpm_only,22,client08,accepted,
tpm_adaptive,tpm_only,22,client09,accepted,
tpm_adaptive,tpm_only,22,client10,accepted,
tpm_adaptive,tpm_only,22,client11,accepted,
tpm_adaptive,tpm_only,22,client12,accepted,
tpm_adaptive,tpm_only,22,client13,accepted,
tpm_adaptive,tpm_only,22,client14,accepted,
tpm_adaptive,tpm_only,22,client15,accepted,
tpm_adaptive,tpm_only,23,client01,accepted,
tpm_adaptive,tpm_only,23,client02,accepted,
tpm_adaptive,tpm_only,23,client03,accepted,
tpm_adaptive,tpm_only,23,client04,accepted,
tpm_adaptive,tpm_only,23,client05,accepted,
tpm_adaptive,tpm_only,23,client06,accepted,
tpm_adaptive,tpm_only,23,client07,accepted,
tpm_adaptive,tpm_only,23,client08,accepted,
tpm_adaptive,tpm_only,23,client09,accepted,
tpm_adaptive,tpm_only,23,client10,accepted,
tpm_adaptive,tpm_only,23,client11,accepted,
tpm_adaptive,tpm_only,23,client12,accepted,
tpm_adaptive,tpm_only,23,client13,accepted,
tpm_adaptive,tpm_only,23,client14,accepted,
tpm_adaptive,tpm_only,23,client15,accepted,
tpm_adaptive,tpm_only,24,client01,accepted,
tpm_adaptive,tpm_only,24,client02,accepted,
tpm_adaptive,tpm_only,24,client03,accepted,
tpm_adaptive,tpm_only,24,client04,accepted,
tpm_adaptive,tpm_only,24,client05,accepted,
tpm_adaptive,tpm_only,24,client06,accepted,
tpm_adaptive,tpm_only,24,client07,accepted,
tpm_adaptive,tpm_only,24,client08,accepted,
tpm_adaptive,tpm_only,24,client09,accepted,
tpm_adaptive,tpm_only,24,client10,accepted,
tpm_adaptive,tpm_only,24,client11,accepted,
tpm_adaptive,tpm_only,24,client12,accepted,
tpm_adaptive,tpm_only,24,client13,accepted,
tpm_adaptive,tpm_only,24,client14,accepted,
tpm_adaptive,tpm_only,24,client15,accepted,
tpm_adaptive,tpm_only,25,client01,accepted,
tpm_adaptive,tpm_only,25,client02,accepted,
tpm_adaptive,tpm_only,25,client03,accepted,
tpm_adaptive,tpm_only,25,client04,accepted,
tpm_adaptive,tpm_only,25,client05,accepted,
tpm_adaptive,tpm_only,25,client06,accepted,
tpm_adaptive,tpm_only,25,client07,accepted,
tpm_adaptive,tpm_only,25,client08,accepted,
tpm_adaptive,tpm_only,25,client09,accepted,
tpm_adaptive,tpm_only,25,client10,accepted,
tpm_adaptive,tpm_only,25,client11,accepted,
tpm_adaptive,tpm_only,25,client12,accepted,
tpm_adaptive,tpm_only,25,client13,accepted,
tpm_adaptive,tpm_only,25,client14,accepted,
tpm_adaptive,tpm_only,25,client15,accepted,
tpm_adaptive,tpm_only,26,client01,accepted,
tpm_adaptive,tpm_only,26,client02,accepted,
tpm_adaptive,tpm_only,26,client03,accepted,
tpm_adaptive,tpm_only,26,client04,accepted,
tpm_adaptive,tpm_only,26,client05,accepted,
tpm_adaptive,tpm_only,26,client06,accepted,
tpm_adaptive,tpm_only,26,client07,accepted,
tpm_adaptive,tpm_only,26,client08,accepted,
tpm_adaptive,tpm_only,26,client09,accepted,
tpm_adaptive,tpm_only,26,client10,accepted,
tpm_adaptive,tpm_only,26,client11,accepted,
tpm_adaptive,tpm_only,26,client12,accepted,
tpm_adaptive,tpm_only,26,client13,accepted,
tpm_adaptive,tpm_only,26,client14,accepted,
tpm_adaptive,tpm_only,26,client15,accepted,
tpm_adaptive,tpm_only,27,client01,accepted,
tpm_adaptive,tpm_only,27,client02,accepted,
tpm_adaptive,tpm_only,27,client03,accepted,
tpm_adaptive,tpm_only,27,client04,accepted,
tpm_adaptive,tpm_only,27,client05,accepted,
tpm_adaptive,tpm_only,27,client06,accepted,
tpm_adaptive,tpm_only,27,client07,accepted,
tpm_adaptive,tpm_only,27,client08,accepted,
tpm_adaptive,tpm_only,27,client09,accepted,
tpm_adaptive,tpm_only,27,client10,accepted,
tpm_adaptive,tpm_only,27,client11,accepted,
tpm_adaptive,tpm_only,27,client12,accepted,
tpm_adaptive,tpm_only,27,client13,accepted,
tpm_adaptive,tpm_only,27,client14,accepted,
tpm_adaptive,tpm_only,27,client15,accepted,
tpm_adaptive,tpm_only,28,client01,accepted,
tpm_adaptive,tpm_only,28,client02,accepted,
tpm_adaptive,tpm_only,28,client03,accepted,
tpm_adaptive,tpm_only,28,client04,accepted,
tpm_adaptive,tpm_only,28,client05,accepted,
tpm_adaptive,tpm_only,28,client06,accepted,
tpm_adaptive,tpm_only,28,client07,accepted,
tpm_adaptive,tpm_only,28,client08,accepted,
tpm_adaptive,tpm_only,28,client09,accepted,
tpm_adaptive,tpm_only,28,client10,accepted,
tpm_adaptive,tpm_only,28,client11,accepted,
tpm_adaptive,tpm_only,28,client12,accepted,
tpm_adaptive,tpm_only,28,client13,accepted,
tpm_adaptive,tpm_only,28,client14,accepted,
tpm_adaptive,tpm_only,28,client15,accepted,
tpm_adaptive,tpm_only,29,client01,accepted,
tpm_adaptive,tpm_only,29,client02,accepted,
tpm_adaptive,tpm_only,29,client03,accepted,
tpm_adaptive,tpm_only,29,client04,accepted,
tpm_adaptive,tpm_only,29,client05,accepted,
tpm_adaptive,tpm_only,29,client06,accepted,
tpm_adaptive,tpm_only,29,client07,accepted,
tpm_adaptive,tpm_only,29,client08,accepted,
tpm_adaptive,tpm_only,29,client09,accepted,
tpm_adaptive,tpm_only,29,client10,accepted,
tpm_adaptive,tpm_only,29,client11,accepted,
tpm_adaptive,tpm_only,29,client12,accepted,
tpm_adaptive,tpm_only,29,client13,accepted,
tpm_adaptive,tpm_only,29,client14,accepted,
tpm_adaptive,tpm_only,29,client15,accepted,
tpm_adaptive,tpm_only,30,client01,accepted,
tpm_adaptive,tpm_only,30,client02,accepted,
tpm_adaptive,tpm_only,30,client03,accepted,
tpm_adaptive,tpm_only,30,client04,accepted,
tpm_adaptive,tpm_only,30,client05,accepted,
tpm_adaptive,tpm_only,30,client06,accepted,
tpm_adaptive,tpm_only,30,client07,accepted,
tpm_adaptive,tpm_only,30,client08,accepted,
tpm_adaptive,tpm_only,30,client09,accepted,
tpm_adaptive,tpm_only,30,client10,accepted,
tpm_adaptive,tpm_only,30,client11,accepted,
tpm_adaptive,tpm_only,30,client12,accepted,
tpm_adaptive,tpm_only,30,client13,accepted,
tpm_adaptive,tpm_only,30,client14,accepted,
tpm_adaptive,tpm_only,30,client15,accepted,
