arm,policy,treatment,round,validation_macro_f1,attack_active,selected_query,attack_validation_drop,attack_search_success
gated_clean,gated_composite,clean,1,0.3153687402130864,False,,,
gated_clean,gated_composite,clean,2,0.284652076318743,False,,,
gated_clean,gated_composite,clean,3,0.44941046255160105,False,,,
gated_clean,gated_composite,clean,4,0.4512704874249751,False,,,
gated_clean,gated_composite,clean,5,0.5911755107301236,False,,,
gated_clean,gated_composite,clean,6,0.5998031495626707,False,,,
gated_clean,gated_composite,clean,7,0.8794048851901013,False,,,
gated_clean,gated_composite,clean,8,0.9176228913354713,False,,,
gated_clean,gated_composite,clean,9,0.925775638986459,False,,,
gated_clean,gated_composite,clean,10,0.9235804138850936,False,,,
gated_clean,gated_composite,clean,11,0.9426636689859099,False,,,
gated_clean,gated_composite,clean,12,0.9477721205220123,False,,,
gated_clean,gated_composite,clean,13,0.9530157918278966,False,,,
gated_clean,gated_composite,clean,14,0.8874566595918089,False,,,
gated_clean,gated_composite,clean,15,0.9204403802153367,False,,,
gated_clean,gated_composite,clean,16,0.9194378369055828,False,,,
gated_clean,gated_composite,clean,17,0.9555258732543335,False,,,
gated_clean,gated_composite,clean,18,0.9555258732543335,False,,,
gated_clean,gated_composite,clean,19,0.954235039498701,False,,,
gated_clean,gated_composite,clean,20,0.8932238261218689,False,,,
gated_clean,gated_composite,clean,21,0.9555258732543335,False,,,
gated_clean,gated_composite,clean,22,0.9304577228007492,False,,,
gated_clean,gated_composite,clean,23,0.8969663815306249,False,,,
gated_clean,gated_composite,clean,24,0.8971196567726868,False,,,
gated_clean,gated_composite,clean,25,0.8983947869733484,False,,,
gated_clean,gated_composite,clean,26,0.9482604308767645,False,,,
gated_clean,gated_composite,clean,27,0.9660044911811679,False,,,
gated_clean,gated_composite,clean,28,0.9663699881437063,False,,,
gated_clean,gated_composite,clean,29,0.9670988965293467,False,,,
gated_clean,gated_composite,clean,30,0.9674623155544846,False,,,
gated_adaptive,gated_composite,adaptive,1,0.3153687402130864,False,,,
gated_adaptive,gated_composite,adaptive,2,0.284652076318743,False,,,
gated_adaptive,gated_composite,adaptive,3,0.44941046255160105,False,,,
gated_adaptive,gated_composite,adaptive,4,0.4512704874249751,False,,,
gated_adaptive,gated_composite,adaptive,5,0.5911755107301236,False,,,
gated_adaptive,gated_composite,adaptive,6,0.5998031495626707,False,,,
gated_adaptive,gated_composite,adaptive,7,0.8794048851901013,False,,,
gated_adaptive,gated_composite,adaptive,8,0.9176228913354713,False,,,
gated_adaptive,gated_composite,adaptive,9,0.925775638986459,False,,,
gated_adaptive,gated_composite,adaptive,10,0.9235804138850936,False,,,
gated_adaptive,gated_composite,adaptive,11,0.9425620081992543,True,31,0.00010166078665563294,False
gated_adaptive,gated_composite,adaptive,12,0.9444184015762392,True,32,0.0033537189457730765,False
gated_adaptive,gated_composite,adaptive,13,0.9453189091138343,True,33,0.0073761798159326375,False
gated_adaptive,gated_composite,adaptive,14,0.9109486312769812,True,6,-0.023167501558454595,False
gated_adaptive,gated_composite,adaptive,15,0.8870021207979089,True,33,0.03343825941742784,True
gated_adaptive,gated_composite,adaptive,16,0.9099063351210451,True,33,0.016267943543164298,True
gated_adaptive,gated_composite,adaptive,17,0.9459815295896202,True,33,0.009229391489443683,False
gated_adaptive,gated_composite,adaptive,18,0.9550601697451057,True,,,False
gated_adaptive,gated_composite,adaptive,19,0.9543008683241823,True,,,False
gated_adaptive,gated_composite,adaptive,20,0.8932238261218689,True,,,False
gated_adaptive,gated_composite,adaptive,21,0.9504512344143289,True,47,0.01182552001927295,True
gated_adaptive,gated_composite,adaptive,22,0.9575453456086648,True,15,0.0,False
gated_adaptive,gated_composite,adaptive,23,0.9197915249765853,True,,,False
gated_adaptive,gated_composite,adaptive,24,0.8966514293553555,True,32,0.0015900761203383462,False
gated_adaptive,gated_composite,adaptive,25,0.8964688987317911,True,33,0.0014576545686333375,False
gated_adaptive,gated_composite,adaptive,26,0.9320199044566385,True,48,0.01577215872080795,True
gated_adaptive,gated_composite,adaptive,27,0.9666308500740034,True,,,False
gated_adaptive,gated_composite,adaptive,28,0.946699448399077,True,,,False
gated_adaptive,gated_composite,adaptive,29,0.9666308500740034,True,33,0.0003633068434478748,False
gated_adaptive,gated_composite,adaptive,30,0.9669941569174513,True,,,False
tpm_clean,tpm_only,clean,1,0.3153687402130864,False,,,
tpm_clean,tpm_only,clean,2,0.284652076318743,False,,,
tpm_clean,tpm_only,clean,3,0.44941046255160105,False,,,
tpm_clean,tpm_only,clean,4,0.4512704874249751,False,,,
tpm_clean,tpm_only,clean,5,0.5911755107301236,False,,,
tpm_clean,tpm_only,clean,6,0.5998031495626707,False,,,
tpm_clean,tpm_only,clean,7,0.8794048851901013,False,,,
tpm_clean,tpm_only,clean,8,0.9176228913354713,False,,,
tpm_clean,tpm_only,clean,9,0.925775638986459,False,,,
tpm_clean,tpm_only,clean,10,0.9265220734782337,False,,,
tpm_clean,tpm_only,clean,11,0.9432870107034251,False,,,
tpm_clean,tpm_only,clean,12,0.9473880796489199,False,,,
tpm_clean,tpm_only,clean,13,0.9525874615546863,False,,,
tpm_clean,tpm_only,clean,14,0.9279638001643494,False,,,
tpm_clean,tpm_only,clean,15,0.8873170324909503,False,,,
tpm_clean,tpm_only,clean,16,0.9485351960248941,False,,,
tpm_clean,tpm_only,clean,17,0.9222199415062767,False,,,
tpm_clean,tpm_only,clean,18,0.93712137300462,False,,,
tpm_clean,tpm_only,clean,19,0.9543854275019035,False,,,
tpm_clean,tpm_only,clean,20,0.8932238261218689,False,,,
tpm_clean,tpm_only,clean,21,0.9625917066088713,False,,,
tpm_clean,tpm_only,clean,22,0.8947757642016528,False,,,
tpm_clean,tpm_only,clean,23,0.8967561689672507,False,,,
tpm_clean,tpm_only,clean,24,0.8971196567726868,False,,,
tpm_clean,tpm_only,clean,25,0.8971196567726868,False,,,
tpm_clean,tpm_only,clean,26,0.935150030045312,False,,,
tpm_clean,tpm_only,clean,27,0.9660044911811679,False,,,
tpm_clean,tpm_only,clean,28,0.9660044911811679,False,,,
tpm_clean,tpm_only,clean,29,0.9557842715247777,False,,,
tpm_clean,tpm_only,clean,30,0.9397402258359416,False,,,
tpm_adaptive,tpm_only,adaptive,1,0.3153687402130864,False,,,
tpm_adaptive,tpm_only,adaptive,2,0.284652076318743,False,,,
tpm_adaptive,tpm_only,adaptive,3,0.44941046255160105,False,,,
tpm_adaptive,tpm_only,adaptive,4,0.4512704874249751,False,,,
tpm_adaptive,tpm_only,adaptive,5,0.5911755107301236,False,,,
tpm_adaptive,tpm_only,adaptive,6,0.5998031495626707,False,,,
tpm_adaptive,tpm_only,adaptive,7,0.8794048851901013,False,,,
tpm_adaptive,tpm_only,adaptive,8,0.9176228913354713,False,,,
tpm_adaptive,tpm_only,adaptive,9,0.925775638986459,False,,,
tpm_adaptive,tpm_only,adaptive,10,0.9265220734782337,False,,,
tpm_adaptive,tpm_only,adaptive,11,0.6067654777001654,True,65,0.3365215330032597,True
tpm_adaptive,tpm_only,adaptive,12,0.7587199817643627,True,64,0.0995164383135303,True
tpm_adaptive,tpm_only,adaptive,13,0.43298090426385244,True,65,0.504076849955033,True
tpm_adaptive,tpm_only,adaptive,14,0.5325906654925012,True,63,0.3352635180469755,True
tpm_adaptive,tpm_only,adaptive,15,0.5783004746209959,True,49,0.37223805975340085,True
tpm_adaptive,tpm_only,adaptive,16,0.5528696851300782,True,47,0.3960886596069966,True
tpm_adaptive,tpm_only,adaptive,17,0.6233477850692358,True,59,0.3242467392514399,True
tpm_adaptive,tpm_only,adaptive,18,0.6339076559977859,True,17,0.0,False
tpm_adaptive,tpm_only,adaptive,19,0.6224262158572255,True,49,0.3155795484225776,True
tpm_adaptive,tpm_only,adaptive,20,0.5721798310693699,True,32,0.29306760644412544,True
tpm_adaptive,tpm_only,adaptive,21,0.6331408094614245,True,46,0.30744662863564987,True
tpm_adaptive,tpm_only,adaptive,22,0.5930086038788611,True,33,0.2930915509953945,True
tpm_adaptive,tpm_only,adaptive,23,0.610019384309378,True,49,0.27311128147330666,True
tpm_adaptive,tpm_only,adaptive,24,0.6025446934353164,True,32,0.2724750566055181,True
tpm_adaptive,tpm_only,adaptive,25,0.5969451346185561,True,32,0.29234348972826263,True
tpm_adaptive,tpm_only,adaptive,26,0.6161418803269477,True,32,0.3110013666809506,True
tpm_adaptive,tpm_only,adaptive,27,0.6245190541637001,True,31,0.32768210753424576,True
tpm_adaptive,tpm_only,adaptive,28,0.6417176611448029,True,30,0.31867807689275796,True
tpm_adaptive,tpm_only,adaptive,29,0.6685178608452625,True,31,0.2738328866970319,True
tpm_adaptive,tpm_only,adaptive,30,0.6546094353167123,True,28,0.27854506751848995,True
